CID_Outside_Identifier,Practice Size,Practice Size Code,Specialty,Specialty Code,CFPR,NCR,CPL45,DARO120,DAR,PSC-Amino,sequence,metrics_status_id,CFPR-Amino,NCR-Amino,CPL45-Amino,DARO120-Amino,DAR-Amino
7762-1-3-BABBM,Medium Practice,3,Mental Health,1,0.5192,1.0,0.649,0.1442,47.55294125,PPPPPPPPPPWRWKWQWRWKWQWRWKWQWRWKWQWRWKWQWRWKWQWRWKWQWRWKWQWRWKWQWRWKWQWRWKWQWRWKWQWRWKWQWRWKWQWRWKWQWRWKWQWRWKWQWRWKWQWRWKWQWRWKWQ,PPPPPPPPPPWRWKWQWRWKWQWRWKWQWRWKWQWRWKWQWRWKWQWRWKWQWRWKWQWRWKWQWRWKWQWRWKWQWRWKWQWRWKWQWRWKWQWRWKWQWRWKWQWRWKWQWRWKWQWRWKWQWRWKWQAAAAAAAAAAWQWQWQWQWQAIAIAIAIAIASASASASASSPSPSPSPSP,BABBM,AAAAAAAAAA,WQWQWQWQWQ,AIAIAIAIAI,ASASASASAS,SPSPSPSPSP
3811-1-3-BABAM,Medium Practice,3,Mental Health,1,0.6416,0.9746,0.4897,0.015,43.119013,PPPPPPPPPPWRWKWQWRWKWQWRWKWQWRWKWQWRWKWQWRWKWQWRWKWQWRWKWQWRWKWQWRWKWQWRWKWQWRWKWQWRWKWQWRWKWQWRWKWQWRWKWQWRWKWQWRWKWQWRWKWQWRWKWQ,PPPPPPPPPPWRWKWQWRWKWQWRWKWQWRWKWQWRWKWQWRWKWQWRWKWQWRWKWQWRWKWQWRWKWQWRWKWQWRWKWQWRWKWQWRWKWQWRWKWQWRWKWQWRWKWQWRWKWQWRWKWQWRWKWQAAAAAAAAAAWQWQWQWQWQAIAIAIAIAIWMWMWMWMWMSPSPSPSPSP,BABAM,AAAAAAAAAA,WQWQWQWQWQ,AIAIAIAIAI,WMWMWMWMWM,SPSPSPSPSP
7824-1-3-BABAA,Medium Practice,3,Mental Health,1,0.6825,1.0,0.6667,0.0,13.837121,PPPPPPPPPPWRWKWQWRWKWQWRWKWQWRWKWQWRWKWQWRWKWQWRWKWQWRWKWQWRWKWQWRWKWQWRWKWQWRWKWQWRWKWQWRWKWQWRWKWQWRWKWQWRWKWQWRWKWQWRWKWQWRWKWQ,PPPPPPPPPPWRWKWQWRWKWQWRWKWQWRWKWQWRWKWQWRWKWQWRWKWQWRWKWQWRWKWQWRWKWQWRWKWQWRWKWQWRWKWQWRWKWQWRWKWQWRWKWQWRWKWQWRWKWQWRWKWQWRWKWQAAAAAAAAAAWQWQWQWQWQAIAIAIAIAIWMWMWMWMWMWTWTWTWTWT,BABAA,AAAAAAAAAA,WQWQWQWQWQ,AIAIAIAIAI,WMWMWMWMWM,WTWTWTWTWT
5408-1-3-BABBB,Medium Practice,3,Mental Health,1,0.7337,1.0,0.3967,0.1576,68.666667,PPPPPPPPPPWRWKWQWRWKWQWRWKWQWRWKWQWRWKWQWRWKWQWRWKWQWRWKWQWRWKWQWRWKWQWRWKWQWRWKWQWRWKWQWRWKWQWRWKWQWRWKWQWRWKWQWRWKWQWRWKWQWRWKWQ,PPPPPPPPPPWRWKWQWRWKWQWRWKWQWRWKWQWRWKWQWRWKWQWRWKWQWRWKWQWRWKWQWRWKWQWRWKWQWRWKWQWRWKWQWRWKWQWRWKWQWRWKWQWRWKWQWRWKWQWRWKWQWRWKWQAAAAAAAAAAWQWQWQWQWQAIAIAIAIAIASASASASASAVAVAVAVAV,BABBB,AAAAAAAAAA,WQWQWQWQWQ,AIAIAIAIAI,ASASASASAS,AVAVAVAVAV
7958-1-3-MAAAA,Medium Practice,3,Mental Health,1,0.8046,0.9855,0.9195,0.0,21.03822775,PPPPPPPPPPWRWKWQWRWKWQWRWKWQWRWKWQWRWKWQWRWKWQWRWKWQWRWKWQWRWKWQWRWKWQWRWKWQWRWKWQWRWKWQWRWKWQWRWKWQWRWKWQWRWKWQWRWKWQWRWKWQWRWKWQ,PPPPPPPPPPWRWKWQWRWKWQWRWKWQWRWKWQWRWKWQWRWKWQWRWKWQWRWKWQWRWKWQWRWKWQWRWKWQWRWKWQWRWKWQWRWKWQWRWKWQWRWKWQWRWKWQWRWKWQWRWKWQWRWKWQRNRNRNRNRNWQWQWQWQWQWKWKWKWKWKWMWMWMWMWMWTWTWTWTWT,MAAAA,RNRNRNRNRN,WQWQWQWQWQ,WKWKWKWKWK,WMWMWMWMWM,WTWTWTWTWT
4830-1-3-MAMAA,Medium Practice,3,Mental Health,1,0.8135,0.9799,0.8418,0.0141,33.60144071,PPPPPPPPPPWRWKWQWRWKWQWRWKWQWRWKWQWRWKWQWRWKWQWRWKWQWRWKWQWRWKWQWRWKWQWRWKWQWRWKWQWRWKWQWRWKWQWRWKWQWRWKWQWRWKWQWRWKWQWRWKWQWRWKWQ,PPPPPPPPPPWRWKWQWRWKWQWRWKWQWRWKWQWRWKWQWRWKWQWRWKWQWRWKWQWRWKWQWRWKWQWRWKWQWRWKWQWRWKWQWRWKWQWRWKWQWRWKWQWRWKWQWRWKWQWRWKWQWRWKWQRNRNRNRNRNWQWQWQWQWQGEGEGEGEGEWMWMWMWMWMWTWTWTWTWT,MAMAA,RNRNRNRNRN,WQWQWQWQWQ,GEGEGEGEGE,WMWMWMWMWM,WTWTWTWTWT
7642-1-3-MMBAA,Medium Practice,3,Mental Health,1,0.8152,0.8733,0.6277,0.0,30.77146467,PPPPPPPPPPWRWKWQWRWKWQWRWKWQWRWKWQWRWKWQWRWKWQWRWKWQWRWKWQWRWKWQWRWKWQWRWKWQWRWKWQWRWKWQWRWKWQWRWKWQWRWKWQWRWKWQWRWKWQWRWKWQWRWKWQ,PPPPPPPPPPWRWKWQWRWKWQWRWKWQWRWKWQWRWKWQWRWKWQWRWKWQWRWKWQWRWKWQWRWKWQWRWKWQWRWKWQWRWKWQWRWKWQWRWKWQWRWKWQWRWKWQWRWKWQWRWKWQWRWKWQRNRNRNRNRNDQDQDQDQDQAIAIAIAIAIWMWMWMWMWMWTWTWTWTWT,MMBAA,RNRNRNRNRN,DQDQDQDQDQ,AIAIAIAIAI,WMWMWMWMWM,WTWTWTWTWT
7901-1-3-MAAAA,Medium Practice,3,Mental Health,1,0.8229,0.9791,0.9483,0.0,21.58209,PPPPPPPPPPWRWKWQWRWKWQWRWKWQWRWKWQWRWKWQWRWKWQWRWKWQWRWKWQWRWKWQWRWKWQWRWKWQWRWKWQWRWKWQWRWKWQWRWKWQWRWKWQWRWKWQWRWKWQWRWKWQWRWKWQ,PPPPPPPPPPWRWKWQWRWKWQWRWKWQWRWKWQWRWKWQWRWKWQWRWKWQWRWKWQWRWKWQWRWKWQWRWKWQWRWKWQWRWKWQWRWKWQWRWKWQWRWKWQWRWKWQWRWKWQWRWKWQWRWKWQRNRNRNRNRNWQWQWQWQWQWKWKWKWKWKWMWMWMWMWMWTWTWTWTWT,MAAAA,RNRNRNRNRN,WQWQWQWQWQ,WKWKWKWKWK,WMWMWMWMWM,WTWTWTWTWT
6754-1-3-MMBAA,Medium Practice,3,Mental Health,1,0.8669,0.8542,0.5851,0.0313,37.839161,PPPPPPPPPPWRWKWQWRWKWQWRWKWQWRWKWQWRWKWQWRWKWQWRWKWQWRWKWQWRWKWQWRWKWQWRWKWQWRWKWQWRWKWQWRWKWQWRWKWQWRWKWQWRWKWQWRWKWQWRWKWQWRWKWQ,PPPPPPPPPPWRWKWQWRWKWQWRWKWQWRWKWQWRWKWQWRWKWQWRWKWQWRWKWQWRWKWQWRWKWQWRWKWQWRWKWQWRWKWQWRWKWQWRWKWQWRWKWQWRWKWQWRWKWQWRWKWQWRWKWQRNRNRNRNRNDQDQDQDQDQAIAIAIAIAIWMWMWMWMWMWTWTWTWTWT,MMBAA,RNRNRNRNRN,DQDQDQDQDQ,AIAIAIAIAI,WMWMWMWMWM,WTWTWTWTWT
6719-1-3-MMMAA,Medium Practice,3,Mental Health,1,0.8742,0.8935,0.7891,0.0095,29.476601000000002,PPPPPPPPPPWRWKWQWRWKWQWRWKWQWRWKWQWRWKWQWRWKWQWRWKWQWRWKWQWRWKWQWRWKWQWRWKWQWRWKWQWRWKWQWRWKWQWRWKWQWRWKWQWRWKWQWRWKWQWRWKWQWRWKWQ,PPPPPPPPPPWRWKWQWRWKWQWRWKWQWRWKWQWRWKWQWRWKWQWRWKWQWRWKWQWRWKWQWRWKWQWRWKWQWRWKWQWRWKWQWRWKWQWRWKWQWRWKWQWRWKWQWRWKWQWRWKWQWRWKWQRNRNRNRNRNDQDQDQDQDQGEGEGEGEGEWMWMWMWMWMWTWTWTWTWT,MMMAA,RNRNRNRNRN,DQDQDQDQDQ,GEGEGEGEGE,WMWMWMWMWM,WTWTWTWTWT
1600-1-3-MMMAA,Medium Practice,3,Mental Health,1,0.8747,0.8771,0.8578,0.0048,33.14328,PPPPPPPPPPWRWKWQWRWKWQWRWKWQWRWKWQWRWKWQWRWKWQWRWKWQWRWKWQWRWKWQWRWKWQWRWKWQWRWKWQWRWKWQWRWKWQWRWKWQWRWKWQWRWKWQWRWKWQWRWKWQWRWKWQ,PPPPPPPPPPWRWKWQWRWKWQWRWKWQWRWKWQWRWKWQWRWKWQWRWKWQWRWKWQWRWKWQWRWKWQWRWKWQWRWKWQWRWKWQWRWKWQWRWKWQWRWKWQWRWKWQWRWKWQWRWKWQWRWKWQRNRNRNRNRNDQDQDQDQDQGEGEGEGEGEWMWMWMWMWMWTWTWTWTWT,MMMAA,RNRNRNRNRN,DQDQDQDQDQ,GEGEGEGEGE,WMWMWMWMWM,WTWTWTWTWT
7417-1-3-MMMAA,Medium Practice,3,Mental Health,1,0.8988,0.8959999999999999,0.8971,0.0041,21.752902,PPPPPPPPPPWRWKWQWRWKWQWRWKWQWRWKWQWRWKWQWRWKWQWRWKWQWRWKWQWRWKWQWRWKWQWRWKWQWRWKWQWRWKWQWRWKWQWRWKWQWRWKWQWRWKWQWRWKWQWRWKWQWRWKWQ,PPPPPPPPPPWRWKWQWRWKWQWRWKWQWRWKWQWRWKWQWRWKWQWRWKWQWRWKWQWRWKWQWRWKWQWRWKWQWRWKWQWRWKWQWRWKWQWRWKWQWRWKWQWRWKWQWRWKWQWRWKWQWRWKWQRNRNRNRNRNDQDQDQDQDQGEGEGEGEGEWMWMWMWMWMWTWTWTWTWT,MMMAA,RNRNRNRNRN,DQDQDQDQDQ,GEGEGEGEGE,WMWMWMWMWM,WTWTWTWTWT
3456-1-3-MMMAA,Medium Practice,3,Mental Health,1,0.9018,0.7236,0.7321,0.0261,29.227655,PPPPPPPPPPWRWKWQWRWKWQWRWKWQWRWKWQWRWKWQWRWKWQWRWKWQWRWKWQWRWKWQWRWKWQWRWKWQWRWKWQWRWKWQWRWKWQWRWKWQWRWKWQWRWKWQWRWKWQWRWKWQWRWKWQ,PPPPPPPPPPWRWKWQWRWKWQWRWKWQWRWKWQWRWKWQWRWKWQWRWKWQWRWKWQWRWKWQWRWKWQWRWKWQWRWKWQWRWKWQWRWKWQWRWKWQWRWKWQWRWKWQWRWKWQWRWKWQWRWKWQRNRNRNRNRNDQDQDQDQDQGEGEGEGEGEWMWMWMWMWMWTWTWTWTWT,MMMAA,RNRNRNRNRN,DQDQDQDQDQ,GEGEGEGEGE,WMWMWMWMWM,WTWTWTWTWT
7590-1-3-MBMAA,Medium Practice,3,Mental Health,1,0.9085,0.7120000000000001,0.7225,0.0041,34.110375,PPPPPPPPPPWRWKWQWRWKWQWRWKWQWRWKWQWRWKWQWRWKWQWRWKWQWRWKWQWRWKWQWRWKWQWRWKWQWRWKWQWRWKWQWRWKWQWRWKWQWRWKWQWRWKWQWRWKWQWRWKWQWRWKWQ,PPPPPPPPPPWRWKWQWRWKWQWRWKWQWRWKWQWRWKWQWRWKWQWRWKWQWRWKWQWRWKWQWRWKWQWRWKWQWRWKWQWRWKWQWRWKWQWRWKWQWRWKWQWRWKWQWRWKWQWRWKWQWRWKWQRNRNRNRNRNALALALALALGEGEGEGEGEWMWMWMWMWMWTWTWTWTWT,MBMAA,RNRNRNRNRN,ALALALALAL,GEGEGEGEGE,WMWMWMWMWM,WTWTWTWTWT
7274-1-3-MBBAM,Medium Practice,3,Mental Health,1,0.9093,0.7103,0.3439,0.0483,45.693205999999996,PPPPPPPPPPWRWKWQWRWKWQWRWKWQWRWKWQWRWKWQWRWKWQWRWKWQWRWKWQWRWKWQWRWKWQWRWKWQWRWKWQWRWKWQWRWKWQWRWKWQWRWKWQWRWKWQWRWKWQWRWKWQWRWKWQ,PPPPPPPPPPWRWKWQWRWKWQWRWKWQWRWKWQWRWKWQWRWKWQWRWKWQWRWKWQWRWKWQWRWKWQWRWKWQWRWKWQWRWKWQWRWKWQWRWKWQWRWKWQWRWKWQWRWKWQWRWKWQWRWKWQRNRNRNRNRNALALALALALAIAIAIAIAIWMWMWMWMWMSPSPSPSPSP,MBBAM,RNRNRNRNRN,ALALALALAL,AIAIAIAIAI,WMWMWMWMWM,SPSPSPSPSP
5264-1-3-MMBAM,Medium Practice,3,Mental Health,1,0.9094,0.9374,0.5985,0.0337,42.12825057,PPPPPPPPPPWRWKWQWRWKWQWRWKWQWRWKWQWRWKWQWRWKWQWRWKWQWRWKWQWRWKWQWRWKWQWRWKWQWRWKWQWRWKWQWRWKWQWRWKWQWRWKWQWRWKWQWRWKWQWRWKWQWRWKWQ,PPPPPPPPPPWRWKWQWRWKWQWRWKWQWRWKWQWRWKWQWRWKWQWRWKWQWRWKWQWRWKWQWRWKWQWRWKWQWRWKWQWRWKWQWRWKWQWRWKWQWRWKWQWRWKWQWRWKWQWRWKWQWRWKWQRNRNRNRNRNDQDQDQDQDQAIAIAIAIAIWMWMWMWMWMSPSPSPSPSP,MMBAM,RNRNRNRNRN,DQDQDQDQDQ,AIAIAIAIAI,WMWMWMWMWM,SPSPSPSPSP
3937-1-3-MMMAA,Medium Practice,3,Mental Health,1,0.9136,0.9528,0.8716,0.0076,22.949702,PPPPPPPPPPWRWKWQWRWKWQWRWKWQWRWKWQWRWKWQWRWKWQWRWKWQWRWKWQWRWKWQWRWKWQWRWKWQWRWKWQWRWKWQWRWKWQWRWKWQWRWKWQWRWKWQWRWKWQWRWKWQWRWKWQ,PPPPPPPPPPWRWKWQWRWKWQWRWKWQWRWKWQWRWKWQWRWKWQWRWKWQWRWKWQWRWKWQWRWKWQWRWKWQWRWKWQWRWKWQWRWKWQWRWKWQWRWKWQWRWKWQWRWKWQWRWKWQWRWKWQRNRNRNRNRNDQDQDQDQDQGEGEGEGEGEWMWMWMWMWMWTWTWTWTWT,MMMAA,RNRNRNRNRN,DQDQDQDQDQ,GEGEGEGEGE,WMWMWMWMWM,WTWTWTWTWT
5481-1-3-MABAA,Medium Practice,3,Mental Health,1,0.9152,1.0242,0.35200000000000004,0.0,19.692307999999997,PPPPPPPPPPWRWKWQWRWKWQWRWKWQWRWKWQWRWKWQWRWKWQWRWKWQWRWKWQWRWKWQWRWKWQWRWKWQWRWKWQWRWKWQWRWKWQWRWKWQWRWKWQWRWKWQWRWKWQWRWKWQWRWKWQ,PPPPPPPPPPWRWKWQWRWKWQWRWKWQWRWKWQWRWKWQWRWKWQWRWKWQWRWKWQWRWKWQWRWKWQWRWKWQWRWKWQWRWKWQWRWKWQWRWKWQWRWKWQWRWKWQWRWKWQWRWKWQWRWKWQRNRNRNRNRNWQWQWQWQWQAIAIAIAIAIWMWMWMWMWMWTWTWTWTWT,MABAA,RNRNRNRNRN,WQWQWQWQWQ,AIAIAIAIAI,WMWMWMWMWM,WTWTWTWTWT
7631-1-3-MAAAA,Medium Practice,3,Mental Health,1,0.9183,1.0001,0.9242,0.0,20.60574556,PPPPPPPPPPWRWKWQWRWKWQWRWKWQWRWKWQWRWKWQWRWKWQWRWKWQWRWKWQWRWKWQWRWKWQWRWKWQWRWKWQWRWKWQWRWKWQWRWKWQWRWKWQWRWKWQWRWKWQWRWKWQWRWKWQ,PPPPPPPPPPWRWKWQWRWKWQWRWKWQWRWKWQWRWKWQWRWKWQWRWKWQWRWKWQWRWKWQWRWKWQWRWKWQWRWKWQWRWKWQWRWKWQWRWKWQWRWKWQWRWKWQWRWKWQWRWKWQWRWKWQRNRNRNRNRNWQWQWQWQWQWKWKWKWKWKWMWMWMWMWMWTWTWTWTWT,MAAAA,RNRNRNRNRN,WQWQWQWQWQ,WKWKWKWKWK,WMWMWMWMWM,WTWTWTWTWT
6763-1-3-MMMAA,Medium Practice,3,Mental Health,1,0.9216,0.8744,0.7323,0.0275,31.159337,PPPPPPPPPPWRWKWQWRWKWQWRWKWQWRWKWQWRWKWQWRWKWQWRWKWQWRWKWQWRWKWQWRWKWQWRWKWQWRWKWQWRWKWQWRWKWQWRWKWQWRWKWQWRWKWQWRWKWQWRWKWQWRWKWQ,PPPPPPPPPPWRWKWQWRWKWQWRWKWQWRWKWQWRWKWQWRWKWQWRWKWQWRWKWQWRWKWQWRWKWQWRWKWQWRWKWQWRWKWQWRWKWQWRWKWQWRWKWQWRWKWQWRWKWQWRWKWQWRWKWQRNRNRNRNRNDQDQDQDQDQGEGEGEGEGEWMWMWMWMWMWTWTWTWTWT,MMMAA,RNRNRNRNRN,DQDQDQDQDQ,GEGEGEGEGE,WMWMWMWMWM,WTWTWTWTWT
5823-1-3-MAMAA,Medium Practice,3,Mental Health,1,0.9232,0.9659,0.843,0.0159,30.1314,PPPPPPPPPPWRWKWQWRWKWQWRWKWQWRWKWQWRWKWQWRWKWQWRWKWQWRWKWQWRWKWQWRWKWQWRWKWQWRWKWQWRWKWQWRWKWQWRWKWQWRWKWQWRWKWQWRWKWQWRWKWQWRWKWQ,PPPPPPPPPPWRWKWQWRWKWQWRWKWQWRWKWQWRWKWQWRWKWQWRWKWQWRWKWQWRWKWQWRWKWQWRWKWQWRWKWQWRWKWQWRWKWQWRWKWQWRWKWQWRWKWQWRWKWQWRWKWQWRWKWQRNRNRNRNRNWQWQWQWQWQGEGEGEGEGEWMWMWMWMWMWTWTWTWTWT,MAMAA,RNRNRNRNRN,WQWQWQWQWQ,GEGEGEGEGE,WMWMWMWMWM,WTWTWTWTWT
5072-1-3-MMBAA,Medium Practice,3,Mental Health,1,0.9244,0.8532,0.6607,0.0547,38.35302,PPPPPPPPPPWRWKWQWRWKWQWRWKWQWRWKWQWRWKWQWRWKWQWRWKWQWRWKWQWRWKWQWRWKWQWRWKWQWRWKWQWRWKWQWRWKWQWRWKWQWRWKWQWRWKWQWRWKWQWRWKWQWRWKWQ,PPPPPPPPPPWRWKWQWRWKWQWRWKWQWRWKWQWRWKWQWRWKWQWRWKWQWRWKWQWRWKWQWRWKWQWRWKWQWRWKWQWRWKWQWRWKWQWRWKWQWRWKWQWRWKWQWRWKWQWRWKWQWRWKWQRNRNRNRNRNDQDQDQDQDQAIAIAIAIAIWMWMWMWMWMWTWTWTWTWT,MMBAA,RNRNRNRNRN,DQDQDQDQDQ,AIAIAIAIAI,WMWMWMWMWM,WTWTWTWTWT
3778-1-3-MMBAA,Medium Practice,3,Mental Health,1,0.9262,0.8492,0.6463,0.0531,39.768535,PPPPPPPPPPWRWKWQWRWKWQWRWKWQWRWKWQWRWKWQWRWKWQWRWKWQWRWKWQWRWKWQWRWKWQWRWKWQWRWKWQWRWKWQWRWKWQWRWKWQWRWKWQWRWKWQWRWKWQWRWKWQWRWKWQ,PPPPPPPPPPWRWKWQWRWKWQWRWKWQWRWKWQWRWKWQWRWKWQWRWKWQWRWKWQWRWKWQWRWKWQWRWKWQWRWKWQWRWKWQWRWKWQWRWKWQWRWKWQWRWKWQWRWKWQWRWKWQWRWKWQRNRNRNRNRNDQDQDQDQDQAIAIAIAIAIWMWMWMWMWMWTWTWTWTWT,MMBAA,RNRNRNRNRN,DQDQDQDQDQ,AIAIAIAIAI,WMWMWMWMWM,WTWTWTWTWT
4759-1-3-MAMAA,Medium Practice,3,Mental Health,1,0.9279999999999999,0.9813,0.8795,0.025,30.002546000000002,PPPPPPPPPPWRWKWQWRWKWQWRWKWQWRWKWQWRWKWQWRWKWQWRWKWQWRWKWQWRWKWQWRWKWQWRWKWQWRWKWQWRWKWQWRWKWQWRWKWQWRWKWQWRWKWQWRWKWQWRWKWQWRWKWQ,PPPPPPPPPPWRWKWQWRWKWQWRWKWQWRWKWQWRWKWQWRWKWQWRWKWQWRWKWQWRWKWQWRWKWQWRWKWQWRWKWQWRWKWQWRWKWQWRWKWQWRWKWQWRWKWQWRWKWQWRWKWQWRWKWQRNRNRNRNRNWQWQWQWQWQGEGEGEGEGEWMWMWMWMWMWTWTWTWTWT,MAMAA,RNRNRNRNRN,WQWQWQWQWQ,GEGEGEGEGE,WMWMWMWMWM,WTWTWTWTWT
2984-1-3-MAMAA,Medium Practice,3,Mental Health,1,0.9309999999999999,1.0121,0.7390000000000001,0.0548,36.354248999999996,PPPPPPPPPPWRWKWQWRWKWQWRWKWQWRWKWQWRWKWQWRWKWQWRWKWQWRWKWQWRWKWQWRWKWQWRWKWQWRWKWQWRWKWQWRWKWQWRWKWQWRWKWQWRWKWQWRWKWQWRWKWQWRWKWQ,PPPPPPPPPPWRWKWQWRWKWQWRWKWQWRWKWQWRWKWQWRWKWQWRWKWQWRWKWQWRWKWQWRWKWQWRWKWQWRWKWQWRWKWQWRWKWQWRWKWQWRWKWQWRWKWQWRWKWQWRWKWQWRWKWQRNRNRNRNRNWQWQWQWQWQGEGEGEGEGEWMWMWMWMWMWTWTWTWTWT,MAMAA,RNRNRNRNRN,WQWQWQWQWQ,GEGEGEGEGE,WMWMWMWMWM,WTWTWTWTWT
4941-1-3-MBMAA,Medium Practice,3,Mental Health,1,0.9316,0.7104,0.7799,0.0041,23.475126,PPPPPPPPPPWRWKWQWRWKWQWRWKWQWRWKWQWRWKWQWRWKWQWRWKWQWRWKWQWRWKWQWRWKWQWRWKWQWRWKWQWRWKWQWRWKWQWRWKWQWRWKWQWRWKWQWRWKWQWRWKWQWRWKWQ,PPPPPPPPPPWRWKWQWRWKWQWRWKWQWRWKWQWRWKWQWRWKWQWRWKWQWRWKWQWRWKWQWRWKWQWRWKWQWRWKWQWRWKWQWRWKWQWRWKWQWRWKWQWRWKWQWRWKWQWRWKWQWRWKWQRNRNRNRNRNALALALALALGEGEGEGEGEWMWMWMWMWMWTWTWTWTWT,MBMAA,RNRNRNRNRN,ALALALALAL,GEGEGEGEGE,WMWMWMWMWM,WTWTWTWTWT
6951-1-3-MMMAA,Medium Practice,3,Mental Health,1,0.9319,0.8732,0.8391,0.0063,23.65199675,PPPPPPPPPPWRWKWQWRWKWQWRWKWQWRWKWQWRWKWQWRWKWQWRWKWQWRWKWQWRWKWQWRWKWQWRWKWQWRWKWQWRWKWQWRWKWQWRWKWQWRWKWQWRWKWQWRWKWQWRWKWQWRWKWQ,PPPPPPPPPPWRWKWQWRWKWQWRWKWQWRWKWQWRWKWQWRWKWQWRWKWQWRWKWQWRWKWQWRWKWQWRWKWQWRWKWQWRWKWQWRWKWQWRWKWQWRWKWQWRWKWQWRWKWQWRWKWQWRWKWQRNRNRNRNRNDQDQDQDQDQGEGEGEGEGEWMWMWMWMWMWTWTWTWTWT,MMMAA,RNRNRNRNRN,DQDQDQDQDQ,GEGEGEGEGE,WMWMWMWMWM,WTWTWTWTWT
5863-1-3-MAMAA,Medium Practice,3,Mental Health,1,0.9327,0.9887,0.8764,0.0256,21.019499,PPPPPPPPPPWRWKWQWRWKWQWRWKWQWRWKWQWRWKWQWRWKWQWRWKWQWRWKWQWRWKWQWRWKWQWRWKWQWRWKWQWRWKWQWRWKWQWRWKWQWRWKWQWRWKWQWRWKWQWRWKWQWRWKWQ,PPPPPPPPPPWRWKWQWRWKWQWRWKWQWRWKWQWRWKWQWRWKWQWRWKWQWRWKWQWRWKWQWRWKWQWRWKWQWRWKWQWRWKWQWRWKWQWRWKWQWRWKWQWRWKWQWRWKWQWRWKWQWRWKWQRNRNRNRNRNWQWQWQWQWQGEGEGEGEGEWMWMWMWMWMWTWTWTWTWT,MAMAA,RNRNRNRNRN,WQWQWQWQWQ,GEGEGEGEGE,WMWMWMWMWM,WTWTWTWTWT
5034-1-3-MMMAA,Medium Practice,3,Mental Health,1,0.9363,0.8526,0.7879,0.0173,28.44408129,PPPPPPPPPPWRWKWQWRWKWQWRWKWQWRWKWQWRWKWQWRWKWQWRWKWQWRWKWQWRWKWQWRWKWQWRWKWQWRWKWQWRWKWQWRWKWQWRWKWQWRWKWQWRWKWQWRWKWQWRWKWQWRWKWQ,PPPPPPPPPPWRWKWQWRWKWQWRWKWQWRWKWQWRWKWQWRWKWQWRWKWQWRWKWQWRWKWQWRWKWQWRWKWQWRWKWQWRWKWQWRWKWQWRWKWQWRWKWQWRWKWQWRWKWQWRWKWQWRWKWQRNRNRNRNRNDQDQDQDQDQGEGEGEGEGEWMWMWMWMWMWTWTWTWTWT,MMMAA,RNRNRNRNRN,DQDQDQDQDQ,GEGEGEGEGE,WMWMWMWMWM,WTWTWTWTWT
7494-1-3-MMMAA,Medium Practice,3,Mental Health,1,0.937,0.8726,0.8244,0.0,16.868702,PPPPPPPPPPWRWKWQWRWKWQWRWKWQWRWKWQWRWKWQWRWKWQWRWKWQWRWKWQWRWKWQWRWKWQWRWKWQWRWKWQWRWKWQWRWKWQWRWKWQWRWKWQWRWKWQWRWKWQWRWKWQWRWKWQ,PPPPPPPPPPWRWKWQWRWKWQWRWKWQWRWKWQWRWKWQWRWKWQWRWKWQWRWKWQWRWKWQWRWKWQWRWKWQWRWKWQWRWKWQWRWKWQWRWKWQWRWKWQWRWKWQWRWKWQWRWKWQWRWKWQRNRNRNRNRNDQDQDQDQDQGEGEGEGEGEWMWMWMWMWMWTWTWTWTWT,MMMAA,RNRNRNRNRN,DQDQDQDQDQ,GEGEGEGEGE,WMWMWMWMWM,WTWTWTWTWT
5391-1-3-MAAAA,Medium Practice,3,Mental Health,1,0.9398,1.0448,0.9058,0.0015,22.253284,PPPPPPPPPPWRWKWQWRWKWQWRWKWQWRWKWQWRWKWQWRWKWQWRWKWQWRWKWQWRWKWQWRWKWQWRWKWQWRWKWQWRWKWQWRWKWQWRWKWQWRWKWQWRWKWQWRWKWQWRWKWQWRWKWQ,PPPPPPPPPPWRWKWQWRWKWQWRWKWQWRWKWQWRWKWQWRWKWQWRWKWQWRWKWQWRWKWQWRWKWQWRWKWQWRWKWQWRWKWQWRWKWQWRWKWQWRWKWQWRWKWQWRWKWQWRWKWQWRWKWQRNRNRNRNRNWQWQWQWQWQWKWKWKWKWKWMWMWMWMWMWTWTWTWTWT,MAAAA,RNRNRNRNRN,WQWQWQWQWQ,WKWKWKWKWK,WMWMWMWMWM,WTWTWTWTWT
4249-1-3-MAAAA,Medium Practice,3,Mental Health,1,0.9413,0.9872,0.9346,0.0,17.958973999999998,PPPPPPPPPPWRWKWQWRWKWQWRWKWQWRWKWQWRWKWQWRWKWQWRWKWQWRWKWQWRWKWQWRWKWQWRWKWQWRWKWQWRWKWQWRWKWQWRWKWQWRWKWQWRWKWQWRWKWQWRWKWQWRWKWQ,PPPPPPPPPPWRWKWQWRWKWQWRWKWQWRWKWQWRWKWQWRWKWQWRWKWQWRWKWQWRWKWQWRWKWQWRWKWQWRWKWQWRWKWQWRWKWQWRWKWQWRWKWQWRWKWQWRWKWQWRWKWQWRWKWQRNRNRNRNRNWQWQWQWQWQWKWKWKWKWKWMWMWMWMWMWTWTWTWTWT,MAAAA,RNRNRNRNRN,WQWQWQWQWQ,WKWKWKWKWK,WMWMWMWMWM,WTWTWTWTWT
4927-1-3-MMMAA,Medium Practice,3,Mental Health,1,0.9454,0.8868,0.7354,0.0229,35.536378000000006,PPPPPPPPPPWRWKWQWRWKWQWRWKWQWRWKWQWRWKWQWRWKWQWRWKWQWRWKWQWRWKWQWRWKWQWRWKWQWRWKWQWRWKWQWRWKWQWRWKWQWRWKWQWRWKWQWRWKWQWRWKWQWRWKWQ,PPPPPPPPPPWRWKWQWRWKWQWRWKWQWRWKWQWRWKWQWRWKWQWRWKWQWRWKWQWRWKWQWRWKWQWRWKWQWRWKWQWRWKWQWRWKWQWRWKWQWRWKWQWRWKWQWRWKWQWRWKWQWRWKWQRNRNRNRNRNDQDQDQDQDQGEGEGEGEGEWMWMWMWMWMWTWTWTWTWT,MMMAA,RNRNRNRNRN,DQDQDQDQDQ,GEGEGEGEGE,WMWMWMWMWM,WTWTWTWTWT
7355-1-3-MMBAM,Medium Practice,3,Mental Health,1,0.9464,0.8289,0.4401,0.0424,42.678371999999996,PPPPPPPPPPWRWKWQWRWKWQWRWKWQWRWKWQWRWKWQWRWKWQWRWKWQWRWKWQWRWKWQWRWKWQWRWKWQWRWKWQWRWKWQWRWKWQWRWKWQWRWKWQWRWKWQWRWKWQWRWKWQWRWKWQ,PPPPPPPPPPWRWKWQWRWKWQWRWKWQWRWKWQWRWKWQWRWKWQWRWKWQWRWKWQWRWKWQWRWKWQWRWKWQWRWKWQWRWKWQWRWKWQWRWKWQWRWKWQWRWKWQWRWKWQWRWKWQWRWKWQRNRNRNRNRNDQDQDQDQDQAIAIAIAIAIWMWMWMWMWMSPSPSPSPSP,MMBAM,RNRNRNRNRN,DQDQDQDQDQ,AIAIAIAIAI,WMWMWMWMWM,SPSPSPSPSP
7424-1-3-MBBAA,Medium Practice,3,Mental Health,1,0.9496,0.4568,0.2638,0.0017,26.621171999999998,PPPPPPPPPPWRWKWQWRWKWQWRWKWQWRWKWQWRWKWQWRWKWQWRWKWQWRWKWQWRWKWQWRWKWQWRWKWQWRWKWQWRWKWQWRWKWQWRWKWQWRWKWQWRWKWQWRWKWQWRWKWQWRWKWQ,PPPPPPPPPPWRWKWQWRWKWQWRWKWQWRWKWQWRWKWQWRWKWQWRWKWQWRWKWQWRWKWQWRWKWQWRWKWQWRWKWQWRWKWQWRWKWQWRWKWQWRWKWQWRWKWQWRWKWQWRWKWQWRWKWQRNRNRNRNRNALALALALALAIAIAIAIAIWMWMWMWMWMWTWTWTWTWT,MBBAA,RNRNRNRNRN,ALALALALAL,AIAIAIAIAI,WMWMWMWMWM,WTWTWTWTWT
3349-1-3-MMMAA,Medium Practice,3,Mental Health,1,0.9516,0.8163,0.7439,0.0404,29.390052,PPPPPPPPPPWRWKWQWRWKWQWRWKWQWRWKWQWRWKWQWRWKWQWRWKWQWRWKWQWRWKWQWRWKWQWRWKWQWRWKWQWRWKWQWRWKWQWRWKWQWRWKWQWRWKWQWRWKWQWRWKWQWRWKWQ,PPPPPPPPPPWRWKWQWRWKWQWRWKWQWRWKWQWRWKWQWRWKWQWRWKWQWRWKWQWRWKWQWRWKWQWRWKWQWRWKWQWRWKWQWRWKWQWRWKWQWRWKWQWRWKWQWRWKWQWRWKWQWRWKWQRNRNRNRNRNDQDQDQDQDQGEGEGEGEGEWMWMWMWMWMWTWTWTWTWT,MMMAA,RNRNRNRNRN,DQDQDQDQDQ,GEGEGEGEGE,WMWMWMWMWM,WTWTWTWTWT
4-1-3-MAMAA,Medium Practice,3,Mental Health,1,0.9524,0.9859,0.8312,0.0273,30.681524,PPPPPPPPPPWRWKWQWRWKWQWRWKWQWRWKWQWRWKWQWRWKWQWRWKWQWRWKWQWRWKWQWRWKWQWRWKWQWRWKWQWRWKWQWRWKWQWRWKWQWRWKWQWRWKWQWRWKWQWRWKWQWRWKWQ,PPPPPPPPPPWRWKWQWRWKWQWRWKWQWRWKWQWRWKWQWRWKWQWRWKWQWRWKWQWRWKWQWRWKWQWRWKWQWRWKWQWRWKWQWRWKWQWRWKWQWRWKWQWRWKWQWRWKWQWRWKWQWRWKWQRNRNRNRNRNWQWQWQWQWQGEGEGEGEGEWMWMWMWMWMWTWTWTWTWT,MAMAA,RNRNRNRNRN,WQWQWQWQWQ,GEGEGEGEGE,WMWMWMWMWM,WTWTWTWTWT
7351-1-3-MBBAM,Medium Practice,3,Mental Health,1,0.9524,0.7182,0.5384,0.0487,43.022368,PPPPPPPPPPWRWKWQWRWKWQWRWKWQWRWKWQWRWKWQWRWKWQWRWKWQWRWKWQWRWKWQWRWKWQWRWKWQWRWKWQWRWKWQWRWKWQWRWKWQWRWKWQWRWKWQWRWKWQWRWKWQWRWKWQ,PPPPPPPPPPWRWKWQWRWKWQWRWKWQWRWKWQWRWKWQWRWKWQWRWKWQWRWKWQWRWKWQWRWKWQWRWKWQWRWKWQWRWKWQWRWKWQWRWKWQWRWKWQWRWKWQWRWKWQWRWKWQWRWKWQRNRNRNRNRNALALALALALAIAIAIAIAIWMWMWMWMWMSPSPSPSPSP,MBBAM,RNRNRNRNRN,ALALALALAL,AIAIAIAIAI,WMWMWMWMWM,SPSPSPSPSP
6418-1-3-MMMAA,Medium Practice,3,Mental Health,1,0.9528,0.8016,0.8265,0.022000000000000002,33.68604367,PPPPPPPPPPWRWKWQWRWKWQWRWKWQWRWKWQWRWKWQWRWKWQWRWKWQWRWKWQWRWKWQWRWKWQWRWKWQWRWKWQWRWKWQWRWKWQWRWKWQWRWKWQWRWKWQWRWKWQWRWKWQWRWKWQ,PPPPPPPPPPWRWKWQWRWKWQWRWKWQWRWKWQWRWKWQWRWKWQWRWKWQWRWKWQWRWKWQWRWKWQWRWKWQWRWKWQWRWKWQWRWKWQWRWKWQWRWKWQWRWKWQWRWKWQWRWKWQWRWKWQRNRNRNRNRNDQDQDQDQDQGEGEGEGEGEWMWMWMWMWMWTWTWTWTWT,MMMAA,RNRNRNRNRN,DQDQDQDQDQ,GEGEGEGEGE,WMWMWMWMWM,WTWTWTWTWT
1739-1-3-MMMAA,Medium Practice,3,Mental Health,1,0.9531,0.9406,0.8169,0.0423,21.672679000000002,PPPPPPPPPPWRWKWQWRWKWQWRWKWQWRWKWQWRWKWQWRWKWQWRWKWQWRWKWQWRWKWQWRWKWQWRWKWQWRWKWQWRWKWQWRWKWQWRWKWQWRWKWQWRWKWQWRWKWQWRWKWQWRWKWQ,PPPPPPPPPPWRWKWQWRWKWQWRWKWQWRWKWQWRWKWQWRWKWQWRWKWQWRWKWQWRWKWQWRWKWQWRWKWQWRWKWQWRWKWQWRWKWQWRWKWQWRWKWQWRWKWQWRWKWQWRWKWQWRWKWQRNRNRNRNRNDQDQDQDQDQGEGEGEGEGEWMWMWMWMWMWTWTWTWTWT,MMMAA,RNRNRNRNRN,DQDQDQDQDQ,GEGEGEGEGE,WMWMWMWMWM,WTWTWTWTWT
3879-1-3-MAMAA,Medium Practice,3,Mental Health,1,0.9538,1.0547,0.7049,0.0077,39.1067695,PPPPPPPPPPWRWKWQWRWKWQWRWKWQWRWKWQWRWKWQWRWKWQWRWKWQWRWKWQWRWKWQWRWKWQWRWKWQWRWKWQWRWKWQWRWKWQWRWKWQWRWKWQWRWKWQWRWKWQWRWKWQWRWKWQ,PPPPPPPPPPWRWKWQWRWKWQWRWKWQWRWKWQWRWKWQWRWKWQWRWKWQWRWKWQWRWKWQWRWKWQWRWKWQWRWKWQWRWKWQWRWKWQWRWKWQWRWKWQWRWKWQWRWKWQWRWKWQWRWKWQRNRNRNRNRNWQWQWQWQWQGEGEGEGEGEWMWMWMWMWMWTWTWTWTWT,MAMAA,RNRNRNRNRN,WQWQWQWQWQ,GEGEGEGEGE,WMWMWMWMWM,WTWTWTWTWT
7140-1-3-MMMAA,Medium Practice,3,Mental Health,1,0.9540000000000001,0.958,0.8987,0.0117,27.607964000000003,PPPPPPPPPPWRWKWQWRWKWQWRWKWQWRWKWQWRWKWQWRWKWQWRWKWQWRWKWQWRWKWQWRWKWQWRWKWQWRWKWQWRWKWQWRWKWQWRWKWQWRWKWQWRWKWQWRWKWQWRWKWQWRWKWQ,PPPPPPPPPPWRWKWQWRWKWQWRWKWQWRWKWQWRWKWQWRWKWQWRWKWQWRWKWQWRWKWQWRWKWQWRWKWQWRWKWQWRWKWQWRWKWQWRWKWQWRWKWQWRWKWQWRWKWQWRWKWQWRWKWQRNRNRNRNRNDQDQDQDQDQGEGEGEGEGEWMWMWMWMWMWTWTWTWTWT,MMMAA,RNRNRNRNRN,DQDQDQDQDQ,GEGEGEGEGE,WMWMWMWMWM,WTWTWTWTWT
6865-1-3-MBBAA,Medium Practice,3,Mental Health,1,0.9543,0.0,0.4551,0.0006,3.667335,PPPPPPPPPPWRWKWQWRWKWQWRWKWQWRWKWQWRWKWQWRWKWQWRWKWQWRWKWQWRWKWQWRWKWQWRWKWQWRWKWQWRWKWQWRWKWQWRWKWQWRWKWQWRWKWQWRWKWQWRWKWQWRWKWQ,PPPPPPPPPPWRWKWQWRWKWQWRWKWQWRWKWQWRWKWQWRWKWQWRWKWQWRWKWQWRWKWQWRWKWQWRWKWQWRWKWQWRWKWQWRWKWQWRWKWQWRWKWQWRWKWQWRWKWQWRWKWQWRWKWQRNRNRNRNRNALALALALALAIAIAIAIAIWMWMWMWMWMWTWTWTWTWT,MBBAA,RNRNRNRNRN,ALALALALAL,AIAIAIAIAI,WMWMWMWMWM,WTWTWTWTWT
7613-1-3-MAMAM,Medium Practice,3,Mental Health,1,0.9557,1.0048,0.7021,0.0,43.366752000000005,PPPPPPPPPPWRWKWQWRWKWQWRWKWQWRWKWQWRWKWQWRWKWQWRWKWQWRWKWQWRWKWQWRWKWQWRWKWQWRWKWQWRWKWQWRWKWQWRWKWQWRWKWQWRWKWQWRWKWQWRWKWQWRWKWQ,PPPPPPPPPPWRWKWQWRWKWQWRWKWQWRWKWQWRWKWQWRWKWQWRWKWQWRWKWQWRWKWQWRWKWQWRWKWQWRWKWQWRWKWQWRWKWQWRWKWQWRWKWQWRWKWQWRWKWQWRWKWQWRWKWQRNRNRNRNRNWQWQWQWQWQGEGEGEGEGEWMWMWMWMWMSPSPSPSPSP,MAMAM,RNRNRNRNRN,WQWQWQWQWQ,GEGEGEGEGE,WMWMWMWMWM,SPSPSPSPSP
4256-1-3-MAMAA,Medium Practice,3,Mental Health,1,0.956,0.9909,0.7596,0.0256,34.57653,PPPPPPPPPPWRWKWQWRWKWQWRWKWQWRWKWQWRWKWQWRWKWQWRWKWQWRWKWQWRWKWQWRWKWQWRWKWQWRWKWQWRWKWQWRWKWQWRWKWQWRWKWQWRWKWQWRWKWQWRWKWQWRWKWQ,PPPPPPPPPPWRWKWQWRWKWQWRWKWQWRWKWQWRWKWQWRWKWQWRWKWQWRWKWQWRWKWQWRWKWQWRWKWQWRWKWQWRWKWQWRWKWQWRWKWQWRWKWQWRWKWQWRWKWQWRWKWQWRWKWQRNRNRNRNRNWQWQWQWQWQGEGEGEGEGEWMWMWMWMWMWTWTWTWTWT,MAMAA,RNRNRNRNRN,WQWQWQWQWQ,GEGEGEGEGE,WMWMWMWMWM,WTWTWTWTWT
5155-1-3-MMMAA,Medium Practice,3,Mental Health,1,0.958,0.8639,0.7809999999999999,0.02,30.2518412,PPPPPPPPPPWRWKWQWRWKWQWRWKWQWRWKWQWRWKWQWRWKWQWRWKWQWRWKWQWRWKWQWRWKWQWRWKWQWRWKWQWRWKWQWRWKWQWRWKWQWRWKWQWRWKWQWRWKWQWRWKWQWRWKWQ,PPPPPPPPPPWRWKWQWRWKWQWRWKWQWRWKWQWRWKWQWRWKWQWRWKWQWRWKWQWRWKWQWRWKWQWRWKWQWRWKWQWRWKWQWRWKWQWRWKWQWRWKWQWRWKWQWRWKWQWRWKWQWRWKWQRNRNRNRNRNDQDQDQDQDQGEGEGEGEGEWMWMWMWMWMWTWTWTWTWT,MMMAA,RNRNRNRNRN,DQDQDQDQDQ,GEGEGEGEGE,WMWMWMWMWM,WTWTWTWTWT
4816-1-3-MMMAA,Medium Practice,3,Mental Health,1,0.9592,0.905,0.8237,0.0109,25.155584,PPPPPPPPPPWRWKWQWRWKWQWRWKWQWRWKWQWRWKWQWRWKWQWRWKWQWRWKWQWRWKWQWRWKWQWRWKWQWRWKWQWRWKWQWRWKWQWRWKWQWRWKWQWRWKWQWRWKWQWRWKWQWRWKWQ,PPPPPPPPPPWRWKWQWRWKWQWRWKWQWRWKWQWRWKWQWRWKWQWRWKWQWRWKWQWRWKWQWRWKWQWRWKWQWRWKWQWRWKWQWRWKWQWRWKWQWRWKWQWRWKWQWRWKWQWRWKWQWRWKWQRNRNRNRNRNDQDQDQDQDQGEGEGEGEGEWMWMWMWMWMWTWTWTWTWT,MMMAA,RNRNRNRNRN,DQDQDQDQDQ,GEGEGEGEGE,WMWMWMWMWM,WTWTWTWTWT
4207-1-3-MAAAA,Medium Practice,3,Mental Health,1,0.9597,0.9924,0.9104,0.0073,22.700777,PPPPPPPPPPWRWKWQWRWKWQWRWKWQWRWKWQWRWKWQWRWKWQWRWKWQWRWKWQWRWKWQWRWKWQWRWKWQWRWKWQWRWKWQWRWKWQWRWKWQWRWKWQWRWKWQWRWKWQWRWKWQWRWKWQ,PPPPPPPPPPWRWKWQWRWKWQWRWKWQWRWKWQWRWKWQWRWKWQWRWKWQWRWKWQWRWKWQWRWKWQWRWKWQWRWKWQWRWKWQWRWKWQWRWKWQWRWKWQWRWKWQWRWKWQWRWKWQWRWKWQRNRNRNRNRNWQWQWQWQWQWKWKWKWKWKWMWMWMWMWMWTWTWTWTWT,MAAAA,RNRNRNRNRN,WQWQWQWQWQ,WKWKWKWKWK,WMWMWMWMWM,WTWTWTWTWT
701-1-3-MAMAA,Medium Practice,3,Mental Health,1,0.9597,0.9804,0.8173,0.0182,28.167844,PPPPPPPPPPWRWKWQWRWKWQWRWKWQWRWKWQWRWKWQWRWKWQWRWKWQWRWKWQWRWKWQWRWKWQWRWKWQWRWKWQWRWKWQWRWKWQWRWKWQWRWKWQWRWKWQWRWKWQWRWKWQWRWKWQ,PPPPPPPPPPWRWKWQWRWKWQWRWKWQWRWKWQWRWKWQWRWKWQWRWKWQWRWKWQWRWKWQWRWKWQWRWKWQWRWKWQWRWKWQWRWKWQWRWKWQWRWKWQWRWKWQWRWKWQWRWKWQWRWKWQRNRNRNRNRNWQWQWQWQWQGEGEGEGEGEWMWMWMWMWMWTWTWTWTWT,MAMAA,RNRNRNRNRN,WQWQWQWQWQ,GEGEGEGEGE,WMWMWMWMWM,WTWTWTWTWT
4610-1-3-MAMAA,Medium Practice,3,Mental Health,1,0.963,0.9953,0.7325,0.0026,35.30702167,PPPPPPPPPPWRWKWQWRWKWQWRWKWQWRWKWQWRWKWQWRWKWQWRWKWQWRWKWQWRWKWQWRWKWQWRWKWQWRWKWQWRWKWQWRWKWQWRWKWQWRWKWQWRWKWQWRWKWQWRWKWQWRWKWQ,PPPPPPPPPPWRWKWQWRWKWQWRWKWQWRWKWQWRWKWQWRWKWQWRWKWQWRWKWQWRWKWQWRWKWQWRWKWQWRWKWQWRWKWQWRWKWQWRWKWQWRWKWQWRWKWQWRWKWQWRWKWQWRWKWQRNRNRNRNRNWQWQWQWQWQGEGEGEGEGEWMWMWMWMWMWTWTWTWTWT,MAMAA,RNRNRNRNRN,WQWQWQWQWQ,GEGEGEGEGE,WMWMWMWMWM,WTWTWTWTWT
5873-1-3-MAAAA,Medium Practice,3,Mental Health,1,0.9634,0.9996,0.9438,0.0069,16.021988,PPPPPPPPPPWRWKWQWRWKWQWRWKWQWRWKWQWRWKWQWRWKWQWRWKWQWRWKWQWRWKWQWRWKWQWRWKWQWRWKWQWRWKWQWRWKWQWRWKWQWRWKWQWRWKWQWRWKWQWRWKWQWRWKWQ,PPPPPPPPPPWRWKWQWRWKWQWRWKWQWRWKWQWRWKWQWRWKWQWRWKWQWRWKWQWRWKWQWRWKWQWRWKWQWRWKWQWRWKWQWRWKWQWRWKWQWRWKWQWRWKWQWRWKWQWRWKWQWRWKWQRNRNRNRNRNWQWQWQWQWQWKWKWKWKWKWMWMWMWMWMWTWTWTWTWT,MAAAA,RNRNRNRNRN,WQWQWQWQWQ,WKWKWKWKWK,WMWMWMWMWM,WTWTWTWTWT
565-1-3-MMBAB,Medium Practice,3,Mental Health,1,0.9637,0.9288,0.2995,0.0672,63.2006892,PPPPPPPPPPWRWKWQWRWKWQWRWKWQWRWKWQWRWKWQWRWKWQWRWKWQWRWKWQWRWKWQWRWKWQWRWKWQWRWKWQWRWKWQWRWKWQWRWKWQWRWKWQWRWKWQWRWKWQWRWKWQWRWKWQ,PPPPPPPPPPWRWKWQWRWKWQWRWKWQWRWKWQWRWKWQWRWKWQWRWKWQWRWKWQWRWKWQWRWKWQWRWKWQWRWKWQWRWKWQWRWKWQWRWKWQWRWKWQWRWKWQWRWKWQWRWKWQWRWKWQRNRNRNRNRNDQDQDQDQDQAIAIAIAIAIWMWMWMWMWMAVAVAVAVAV,MMBAB,RNRNRNRNRN,DQDQDQDQDQ,AIAIAIAIAI,WMWMWMWMWM,AVAVAVAVAV
4145-1-3-MABAM,Medium Practice,3,Mental Health,1,0.965,0.9925,0.6361,0.0297,43.601440000000004,PPPPPPPPPPWRWKWQWRWKWQWRWKWQWRWKWQWRWKWQWRWKWQWRWKWQWRWKWQWRWKWQWRWKWQWRWKWQWRWKWQWRWKWQWRWKWQWRWKWQWRWKWQWRWKWQWRWKWQWRWKWQWRWKWQ,PPPPPPPPPPWRWKWQWRWKWQWRWKWQWRWKWQWRWKWQWRWKWQWRWKWQWRWKWQWRWKWQWRWKWQWRWKWQWRWKWQWRWKWQWRWKWQWRWKWQWRWKWQWRWKWQWRWKWQWRWKWQWRWKWQRNRNRNRNRNWQWQWQWQWQAIAIAIAIAIWMWMWMWMWMSPSPSPSPSP,MABAM,RNRNRNRNRN,WQWQWQWQWQ,AIAIAIAIAI,WMWMWMWMWM,SPSPSPSPSP
5755-1-3-MMMAA,Medium Practice,3,Mental Health,1,0.9676,0.9193,0.8643,0.0072,19.744157,PPPPPPPPPPWRWKWQWRWKWQWRWKWQWRWKWQWRWKWQWRWKWQWRWKWQWRWKWQWRWKWQWRWKWQWRWKWQWRWKWQWRWKWQWRWKWQWRWKWQWRWKWQWRWKWQWRWKWQWRWKWQWRWKWQ,PPPPPPPPPPWRWKWQWRWKWQWRWKWQWRWKWQWRWKWQWRWKWQWRWKWQWRWKWQWRWKWQWRWKWQWRWKWQWRWKWQWRWKWQWRWKWQWRWKWQWRWKWQWRWKWQWRWKWQWRWKWQWRWKWQRNRNRNRNRNDQDQDQDQDQGEGEGEGEGEWMWMWMWMWMWTWTWTWTWT,MMMAA,RNRNRNRNRN,DQDQDQDQDQ,GEGEGEGEGE,WMWMWMWMWM,WTWTWTWTWT
1397-1-3-MMMAA,Medium Practice,3,Mental Health,1,0.9683,0.9277,0.8684,0.0082,18.26980575,PPPPPPPPPPWRWKWQWRWKWQWRWKWQWRWKWQWRWKWQWRWKWQWRWKWQWRWKWQWRWKWQWRWKWQWRWKWQWRWKWQWRWKWQWRWKWQWRWKWQWRWKWQWRWKWQWRWKWQWRWKWQWRWKWQ,PPPPPPPPPPWRWKWQWRWKWQWRWKWQWRWKWQWRWKWQWRWKWQWRWKWQWRWKWQWRWKWQWRWKWQWRWKWQWRWKWQWRWKWQWRWKWQWRWKWQWRWKWQWRWKWQWRWKWQWRWKWQWRWKWQRNRNRNRNRNDQDQDQDQDQGEGEGEGEGEWMWMWMWMWMWTWTWTWTWT,MMMAA,RNRNRNRNRN,DQDQDQDQDQ,GEGEGEGEGE,WMWMWMWMWM,WTWTWTWTWT
7170-1-3-MAMAA,Medium Practice,3,Mental Health,1,0.9695,0.9778,0.8841,0.0099,34.5863095,PPPPPPPPPPWRWKWQWRWKWQWRWKWQWRWKWQWRWKWQWRWKWQWRWKWQWRWKWQWRWKWQWRWKWQWRWKWQWRWKWQWRWKWQWRWKWQWRWKWQWRWKWQWRWKWQWRWKWQWRWKWQWRWKWQ,PPPPPPPPPPWRWKWQWRWKWQWRWKWQWRWKWQWRWKWQWRWKWQWRWKWQWRWKWQWRWKWQWRWKWQWRWKWQWRWKWQWRWKWQWRWKWQWRWKWQWRWKWQWRWKWQWRWKWQWRWKWQWRWKWQRNRNRNRNRNWQWQWQWQWQGEGEGEGEGEWMWMWMWMWMWTWTWTWTWT,MAMAA,RNRNRNRNRN,WQWQWQWQWQ,GEGEGEGEGE,WMWMWMWMWM,WTWTWTWTWT
6584-1-3-MMMAA,Medium Practice,3,Mental Health,1,0.97,0.8958,0.8419,0.0343,26.310446000000002,PPPPPPPPPPWRWKWQWRWKWQWRWKWQWRWKWQWRWKWQWRWKWQWRWKWQWRWKWQWRWKWQWRWKWQWRWKWQWRWKWQWRWKWQWRWKWQWRWKWQWRWKWQWRWKWQWRWKWQWRWKWQWRWKWQ,PPPPPPPPPPWRWKWQWRWKWQWRWKWQWRWKWQWRWKWQWRWKWQWRWKWQWRWKWQWRWKWQWRWKWQWRWKWQWRWKWQWRWKWQWRWKWQWRWKWQWRWKWQWRWKWQWRWKWQWRWKWQWRWKWQRNRNRNRNRNDQDQDQDQDQGEGEGEGEGEWMWMWMWMWMWTWTWTWTWT,MMMAA,RNRNRNRNRN,DQDQDQDQDQ,GEGEGEGEGE,WMWMWMWMWM,WTWTWTWTWT
7053-1-3-MMMAA,Medium Practice,3,Mental Health,1,0.9703,0.9138,0.8567,0.0148,24.38061,PPPPPPPPPPWRWKWQWRWKWQWRWKWQWRWKWQWRWKWQWRWKWQWRWKWQWRWKWQWRWKWQWRWKWQWRWKWQWRWKWQWRWKWQWRWKWQWRWKWQWRWKWQWRWKWQWRWKWQWRWKWQWRWKWQ,PPPPPPPPPPWRWKWQWRWKWQWRWKWQWRWKWQWRWKWQWRWKWQWRWKWQWRWKWQWRWKWQWRWKWQWRWKWQWRWKWQWRWKWQWRWKWQWRWKWQWRWKWQWRWKWQWRWKWQWRWKWQWRWKWQRNRNRNRNRNDQDQDQDQDQGEGEGEGEGEWMWMWMWMWMWTWTWTWTWT,MMMAA,RNRNRNRNRN,DQDQDQDQDQ,GEGEGEGEGE,WMWMWMWMWM,WTWTWTWTWT
6126-1-3-MMMAA,Medium Practice,3,Mental Health,1,0.9712,0.9525,0.8069,0.0214,27.487702000000002,PPPPPPPPPPWRWKWQWRWKWQWRWKWQWRWKWQWRWKWQWRWKWQWRWKWQWRWKWQWRWKWQWRWKWQWRWKWQWRWKWQWRWKWQWRWKWQWRWKWQWRWKWQWRWKWQWRWKWQWRWKWQWRWKWQ,PPPPPPPPPPWRWKWQWRWKWQWRWKWQWRWKWQWRWKWQWRWKWQWRWKWQWRWKWQWRWKWQWRWKWQWRWKWQWRWKWQWRWKWQWRWKWQWRWKWQWRWKWQWRWKWQWRWKWQWRWKWQWRWKWQRNRNRNRNRNDQDQDQDQDQGEGEGEGEGEWMWMWMWMWMWTWTWTWTWT,MMMAA,RNRNRNRNRN,DQDQDQDQDQ,GEGEGEGEGE,WMWMWMWMWM,WTWTWTWTWT
771-1-3-MMMAA,Medium Practice,3,Mental Health,1,0.972,0.9588,0.8596,0.0145,22.020072,PPPPPPPPPPWRWKWQWRWKWQWRWKWQWRWKWQWRWKWQWRWKWQWRWKWQWRWKWQWRWKWQWRWKWQWRWKWQWRWKWQWRWKWQWRWKWQWRWKWQWRWKWQWRWKWQWRWKWQWRWKWQWRWKWQ,PPPPPPPPPPWRWKWQWRWKWQWRWKWQWRWKWQWRWKWQWRWKWQWRWKWQWRWKWQWRWKWQWRWKWQWRWKWQWRWKWQWRWKWQWRWKWQWRWKWQWRWKWQWRWKWQWRWKWQWRWKWQWRWKWQRNRNRNRNRNDQDQDQDQDQGEGEGEGEGEWMWMWMWMWMWTWTWTWTWT,MMMAA,RNRNRNRNRN,DQDQDQDQDQ,GEGEGEGEGE,WMWMWMWMWM,WTWTWTWTWT
2058-1-3-MAMAA,Medium Practice,3,Mental Health,1,0.9727,0.9757,0.7867,0.0314,29.432636499999997,PPPPPPPPPPWRWKWQWRWKWQWRWKWQWRWKWQWRWKWQWRWKWQWRWKWQWRWKWQWRWKWQWRWKWQWRWKWQWRWKWQWRWKWQWRWKWQWRWKWQWRWKWQWRWKWQWRWKWQWRWKWQWRWKWQ,PPPPPPPPPPWRWKWQWRWKWQWRWKWQWRWKWQWRWKWQWRWKWQWRWKWQWRWKWQWRWKWQWRWKWQWRWKWQWRWKWQWRWKWQWRWKWQWRWKWQWRWKWQWRWKWQWRWKWQWRWKWQWRWKWQRNRNRNRNRNWQWQWQWQWQGEGEGEGEGEWMWMWMWMWMWTWTWTWTWT,MAMAA,RNRNRNRNRN,WQWQWQWQWQ,GEGEGEGEGE,WMWMWMWMWM,WTWTWTWTWT
3424-1-3-MABAM,Medium Practice,3,Mental Health,1,0.9734,0.9733,0.5021,0.07200000000000001,47.828329,PPPPPPPPPPWRWKWQWRWKWQWRWKWQWRWKWQWRWKWQWRWKWQWRWKWQWRWKWQWRWKWQWRWKWQWRWKWQWRWKWQWRWKWQWRWKWQWRWKWQWRWKWQWRWKWQWRWKWQWRWKWQWRWKWQ,PPPPPPPPPPWRWKWQWRWKWQWRWKWQWRWKWQWRWKWQWRWKWQWRWKWQWRWKWQWRWKWQWRWKWQWRWKWQWRWKWQWRWKWQWRWKWQWRWKWQWRWKWQWRWKWQWRWKWQWRWKWQWRWKWQRNRNRNRNRNWQWQWQWQWQAIAIAIAIAIWMWMWMWMWMSPSPSPSPSP,MABAM,RNRNRNRNRN,WQWQWQWQWQ,AIAIAIAIAI,WMWMWMWMWM,SPSPSPSPSP
5145-1-3-MMBAM,Medium Practice,3,Mental Health,1,0.9742,0.9114,0.6433,0.0388,43.039970000000004,PPPPPPPPPPWRWKWQWRWKWQWRWKWQWRWKWQWRWKWQWRWKWQWRWKWQWRWKWQWRWKWQWRWKWQWRWKWQWRWKWQWRWKWQWRWKWQWRWKWQWRWKWQWRWKWQWRWKWQWRWKWQWRWKWQ,PPPPPPPPPPWRWKWQWRWKWQWRWKWQWRWKWQWRWKWQWRWKWQWRWKWQWRWKWQWRWKWQWRWKWQWRWKWQWRWKWQWRWKWQWRWKWQWRWKWQWRWKWQWRWKWQWRWKWQWRWKWQWRWKWQRNRNRNRNRNDQDQDQDQDQAIAIAIAIAIWMWMWMWMWMSPSPSPSPSP,MMBAM,RNRNRNRNRN,DQDQDQDQDQ,AIAIAIAIAI,WMWMWMWMWM,SPSPSPSPSP
6056-1-3-MAMAA,Medium Practice,3,Mental Health,1,0.9754,0.9876,0.8433,0.0252,26.74803,PPPPPPPPPPWRWKWQWRWKWQWRWKWQWRWKWQWRWKWQWRWKWQWRWKWQWRWKWQWRWKWQWRWKWQWRWKWQWRWKWQWRWKWQWRWKWQWRWKWQWRWKWQWRWKWQWRWKWQWRWKWQWRWKWQ,PPPPPPPPPPWRWKWQWRWKWQWRWKWQWRWKWQWRWKWQWRWKWQWRWKWQWRWKWQWRWKWQWRWKWQWRWKWQWRWKWQWRWKWQWRWKWQWRWKWQWRWKWQWRWKWQWRWKWQWRWKWQWRWKWQRNRNRNRNRNWQWQWQWQWQGEGEGEGEGEWMWMWMWMWMWTWTWTWTWT,MAMAA,RNRNRNRNRN,WQWQWQWQWQ,GEGEGEGEGE,WMWMWMWMWM,WTWTWTWTWT
821-1-3-MMMAA,Medium Practice,3,Mental Health,1,0.9767,0.9065,0.7276,0.0073,26.87299,PPPPPPPPPPWRWKWQWRWKWQWRWKWQWRWKWQWRWKWQWRWKWQWRWKWQWRWKWQWRWKWQWRWKWQWRWKWQWRWKWQWRWKWQWRWKWQWRWKWQWRWKWQWRWKWQWRWKWQWRWKWQWRWKWQ,PPPPPPPPPPWRWKWQWRWKWQWRWKWQWRWKWQWRWKWQWRWKWQWRWKWQWRWKWQWRWKWQWRWKWQWRWKWQWRWKWQWRWKWQWRWKWQWRWKWQWRWKWQWRWKWQWRWKWQWRWKWQWRWKWQRNRNRNRNRNDQDQDQDQDQGEGEGEGEGEWMWMWMWMWMWTWTWTWTWT,MMMAA,RNRNRNRNRN,DQDQDQDQDQ,GEGEGEGEGE,WMWMWMWMWM,WTWTWTWTWT
7021-1-3-MAMAA,Medium Practice,3,Mental Health,1,0.9772,0.9714,0.8929,0.005,17.102342999999998,PPPPPPPPPPWRWKWQWRWKWQWRWKWQWRWKWQWRWKWQWRWKWQWRWKWQWRWKWQWRWKWQWRWKWQWRWKWQWRWKWQWRWKWQWRWKWQWRWKWQWRWKWQWRWKWQWRWKWQWRWKWQWRWKWQ,PPPPPPPPPPWRWKWQWRWKWQWRWKWQWRWKWQWRWKWQWRWKWQWRWKWQWRWKWQWRWKWQWRWKWQWRWKWQWRWKWQWRWKWQWRWKWQWRWKWQWRWKWQWRWKWQWRWKWQWRWKWQWRWKWQRNRNRNRNRNWQWQWQWQWQGEGEGEGEGEWMWMWMWMWMWTWTWTWTWT,MAMAA,RNRNRNRNRN,WQWQWQWQWQ,GEGEGEGEGE,WMWMWMWMWM,WTWTWTWTWT
5293-1-3-MMBBB,Medium Practice,3,Mental Health,1,0.9774,0.9418,0.6642,0.183,50.533163,PPPPPPPPPPWRWKWQWRWKWQWRWKWQWRWKWQWRWKWQWRWKWQWRWKWQWRWKWQWRWKWQWRWKWQWRWKWQWRWKWQWRWKWQWRWKWQWRWKWQWRWKWQWRWKWQWRWKWQWRWKWQWRWKWQ,PPPPPPPPPPWRWKWQWRWKWQWRWKWQWRWKWQWRWKWQWRWKWQWRWKWQWRWKWQWRWKWQWRWKWQWRWKWQWRWKWQWRWKWQWRWKWQWRWKWQWRWKWQWRWKWQWRWKWQWRWKWQWRWKWQRNRNRNRNRNDQDQDQDQDQAIAIAIAIAIASASASASASAVAVAVAVAV,MMBBB,RNRNRNRNRN,DQDQDQDQDQ,AIAIAIAIAI,ASASASASAS,AVAVAVAVAV
7149-1-3-MMMAA,Medium Practice,3,Mental Health,1,0.9777,0.7935,0.8236,0.0007,19.86914157,PPPPPPPPPPWRWKWQWRWKWQWRWKWQWRWKWQWRWKWQWRWKWQWRWKWQWRWKWQWRWKWQWRWKWQWRWKWQWRWKWQWRWKWQWRWKWQWRWKWQWRWKWQWRWKWQWRWKWQWRWKWQWRWKWQ,PPPPPPPPPPWRWKWQWRWKWQWRWKWQWRWKWQWRWKWQWRWKWQWRWKWQWRWKWQWRWKWQWRWKWQWRWKWQWRWKWQWRWKWQWRWKWQWRWKWQWRWKWQWRWKWQWRWKWQWRWKWQWRWKWQRNRNRNRNRNDQDQDQDQDQGEGEGEGEGEWMWMWMWMWMWTWTWTWTWT,MMMAA,RNRNRNRNRN,DQDQDQDQDQ,GEGEGEGEGE,WMWMWMWMWM,WTWTWTWTWT
250-1-3-MAMAA,Medium Practice,3,Mental Health,1,0.9778,0.9794,0.8649,0.0055,24.765175,PPPPPPPPPPWRWKWQWRWKWQWRWKWQWRWKWQWRWKWQWRWKWQWRWKWQWRWKWQWRWKWQWRWKWQWRWKWQWRWKWQWRWKWQWRWKWQWRWKWQWRWKWQWRWKWQWRWKWQWRWKWQWRWKWQ,PPPPPPPPPPWRWKWQWRWKWQWRWKWQWRWKWQWRWKWQWRWKWQWRWKWQWRWKWQWRWKWQWRWKWQWRWKWQWRWKWQWRWKWQWRWKWQWRWKWQWRWKWQWRWKWQWRWKWQWRWKWQWRWKWQRNRNRNRNRNWQWQWQWQWQGEGEGEGEGEWMWMWMWMWMWTWTWTWTWT,MAMAA,RNRNRNRNRN,WQWQWQWQWQ,GEGEGEGEGE,WMWMWMWMWM,WTWTWTWTWT
2252-1-3-MAAAA,Medium Practice,3,Mental Health,1,0.9779,0.9802,0.9051,0.0266,21.478569,PPPPPPPPPPWRWKWQWRWKWQWRWKWQWRWKWQWRWKWQWRWKWQWRWKWQWRWKWQWRWKWQWRWKWQWRWKWQWRWKWQWRWKWQWRWKWQWRWKWQWRWKWQWRWKWQWRWKWQWRWKWQWRWKWQ,PPPPPPPPPPWRWKWQWRWKWQWRWKWQWRWKWQWRWKWQWRWKWQWRWKWQWRWKWQWRWKWQWRWKWQWRWKWQWRWKWQWRWKWQWRWKWQWRWKWQWRWKWQWRWKWQWRWKWQWRWKWQWRWKWQRNRNRNRNRNWQWQWQWQWQWKWKWKWKWKWMWMWMWMWMWTWTWTWTWT,MAAAA,RNRNRNRNRN,WQWQWQWQWQ,WKWKWKWKWK,WMWMWMWMWM,WTWTWTWTWT
4780-1-3-MMBAA,Medium Practice,3,Mental Health,1,0.9779,0.9283,0.4601,0.0367,36.201803000000005,PPPPPPPPPPWRWKWQWRWKWQWRWKWQWRWKWQWRWKWQWRWKWQWRWKWQWRWKWQWRWKWQWRWKWQWRWKWQWRWKWQWRWKWQWRWKWQWRWKWQWRWKWQWRWKWQWRWKWQWRWKWQWRWKWQ,PPPPPPPPPPWRWKWQWRWKWQWRWKWQWRWKWQWRWKWQWRWKWQWRWKWQWRWKWQWRWKWQWRWKWQWRWKWQWRWKWQWRWKWQWRWKWQWRWKWQWRWKWQWRWKWQWRWKWQWRWKWQWRWKWQRNRNRNRNRNDQDQDQDQDQAIAIAIAIAIWMWMWMWMWMWTWTWTWTWT,MMBAA,RNRNRNRNRN,DQDQDQDQDQ,AIAIAIAIAI,WMWMWMWMWM,WTWTWTWTWT
5163-1-3-MMAAA,Medium Practice,3,Mental Health,1,0.9783,0.9021,0.9393,0.0028,17.505124,PPPPPPPPPPWRWKWQWRWKWQWRWKWQWRWKWQWRWKWQWRWKWQWRWKWQWRWKWQWRWKWQWRWKWQWRWKWQWRWKWQWRWKWQWRWKWQWRWKWQWRWKWQWRWKWQWRWKWQWRWKWQWRWKWQ,PPPPPPPPPPWRWKWQWRWKWQWRWKWQWRWKWQWRWKWQWRWKWQWRWKWQWRWKWQWRWKWQWRWKWQWRWKWQWRWKWQWRWKWQWRWKWQWRWKWQWRWKWQWRWKWQWRWKWQWRWKWQWRWKWQRNRNRNRNRNDQDQDQDQDQWKWKWKWKWKWMWMWMWMWMWTWTWTWTWT,MMAAA,RNRNRNRNRN,DQDQDQDQDQ,WKWKWKWKWK,WMWMWMWMWM,WTWTWTWTWT
6559-1-3-MMMAA,Medium Practice,3,Mental Health,1,0.9785,0.932,0.8354,0.0051,13.45481,PPPPPPPPPPWRWKWQWRWKWQWRWKWQWRWKWQWRWKWQWRWKWQWRWKWQWRWKWQWRWKWQWRWKWQWRWKWQWRWKWQWRWKWQWRWKWQWRWKWQWRWKWQWRWKWQWRWKWQWRWKWQWRWKWQ,PPPPPPPPPPWRWKWQWRWKWQWRWKWQWRWKWQWRWKWQWRWKWQWRWKWQWRWKWQWRWKWQWRWKWQWRWKWQWRWKWQWRWKWQWRWKWQWRWKWQWRWKWQWRWKWQWRWKWQWRWKWQWRWKWQRNRNRNRNRNDQDQDQDQDQGEGEGEGEGEWMWMWMWMWMWTWTWTWTWT,MMMAA,RNRNRNRNRN,DQDQDQDQDQ,GEGEGEGEGE,WMWMWMWMWM,WTWTWTWTWT
4946-1-3-MAMAA,Medium Practice,3,Mental Health,1,0.9793,0.9779,0.813,0.0149,29.877323999999998,PPPPPPPPPPWRWKWQWRWKWQWRWKWQWRWKWQWRWKWQWRWKWQWRWKWQWRWKWQWRWKWQWRWKWQWRWKWQWRWKWQWRWKWQWRWKWQWRWKWQWRWKWQWRWKWQWRWKWQWRWKWQWRWKWQ,PPPPPPPPPPWRWKWQWRWKWQWRWKWQWRWKWQWRWKWQWRWKWQWRWKWQWRWKWQWRWKWQWRWKWQWRWKWQWRWKWQWRWKWQWRWKWQWRWKWQWRWKWQWRWKWQWRWKWQWRWKWQWRWKWQRNRNRNRNRNWQWQWQWQWQGEGEGEGEGEWMWMWMWMWMWTWTWTWTWT,MAMAA,RNRNRNRNRN,WQWQWQWQWQ,GEGEGEGEGE,WMWMWMWMWM,WTWTWTWTWT
4751-1-3-MMBAA,Medium Practice,3,Mental Health,1,0.9798,0.8273,0.4293,0.0025,34.31405,PPPPPPPPPPWRWKWQWRWKWQWRWKWQWRWKWQWRWKWQWRWKWQWRWKWQWRWKWQWRWKWQWRWKWQWRWKWQWRWKWQWRWKWQWRWKWQWRWKWQWRWKWQWRWKWQWRWKWQWRWKWQWRWKWQ,PPPPPPPPPPWRWKWQWRWKWQWRWKWQWRWKWQWRWKWQWRWKWQWRWKWQWRWKWQWRWKWQWRWKWQWRWKWQWRWKWQWRWKWQWRWKWQWRWKWQWRWKWQWRWKWQWRWKWQWRWKWQWRWKWQRNRNRNRNRNDQDQDQDQDQAIAIAIAIAIWMWMWMWMWMWTWTWTWTWT,MMBAA,RNRNRNRNRN,DQDQDQDQDQ,AIAIAIAIAI,WMWMWMWMWM,WTWTWTWTWT
3917-1-3-AMAAA,Medium Practice,3,Mental Health,1,0.9807,0.934,0.934,0.0036,15.088172,PPPPPPPPPPWRWKWQWRWKWQWRWKWQWRWKWQWRWKWQWRWKWQWRWKWQWRWKWQWRWKWQWRWKWQWRWKWQWRWKWQWRWKWQWRWKWQWRWKWQWRWKWQWRWKWQWRWKWQWRWKWQWRWKWQ,PPPPPPPPPPWRWKWQWRWKWQWRWKWQWRWKWQWRWKWQWRWKWQWRWKWQWRWKWQWRWKWQWRWKWQWRWKWQWRWKWQWRWKWQWRWKWQWRWKWQWRWKWQWRWKWQWRWKWQWRWKWQWRWKWQWRWRWRWRWRDQDQDQDQDQWKWKWKWKWKWMWMWMWMWMWTWTWTWTWT,AMAAA,WRWRWRWRWR,DQDQDQDQDQ,WKWKWKWKWK,WMWMWMWMWM,WTWTWTWTWT
4896-1-3-AMMAA,Medium Practice,3,Mental Health,1,0.9809,0.9251,0.7311,0.0363,35.986765999999996,PPPPPPPPPPWRWKWQWRWKWQWRWKWQWRWKWQWRWKWQWRWKWQWRWKWQWRWKWQWRWKWQWRWKWQWRWKWQWRWKWQWRWKWQWRWKWQWRWKWQWRWKWQWRWKWQWRWKWQWRWKWQWRWKWQ,PPPPPPPPPPWRWKWQWRWKWQWRWKWQWRWKWQWRWKWQWRWKWQWRWKWQWRWKWQWRWKWQWRWKWQWRWKWQWRWKWQWRWKWQWRWKWQWRWKWQWRWKWQWRWKWQWRWKWQWRWKWQWRWKWQWRWRWRWRWRDQDQDQDQDQGEGEGEGEGEWMWMWMWMWMWTWTWTWTWT,AMMAA,WRWRWRWRWR,DQDQDQDQDQ,GEGEGEGEGE,WMWMWMWMWM,WTWTWTWTWT
6225-1-3-AAAAA,Medium Practice,3,Mental Health,1,0.981,0.9885,0.9242,0.009000000000000001,13.897273,PPPPPPPPPPWRWKWQWRWKWQWRWKWQWRWKWQWRWKWQWRWKWQWRWKWQWRWKWQWRWKWQWRWKWQWRWKWQWRWKWQWRWKWQWRWKWQWRWKWQWRWKWQWRWKWQWRWKWQWRWKWQWRWKWQ,PPPPPPPPPPWRWKWQWRWKWQWRWKWQWRWKWQWRWKWQWRWKWQWRWKWQWRWKWQWRWKWQWRWKWQWRWKWQWRWKWQWRWKWQWRWKWQWRWKWQWRWKWQWRWKWQWRWKWQWRWKWQWRWKWQWRWRWRWRWRWQWQWQWQWQWKWKWKWKWKWMWMWMWMWMWTWTWTWTWT,AAAAA,WRWRWRWRWR,WQWQWQWQWQ,WKWKWKWKWK,WMWMWMWMWM,WTWTWTWTWT
5300-1-3-AMMAA,Medium Practice,3,Mental Health,1,0.9812,0.9472,0.8879,0.0,21.155642999999998,PPPPPPPPPPWRWKWQWRWKWQWRWKWQWRWKWQWRWKWQWRWKWQWRWKWQWRWKWQWRWKWQWRWKWQWRWKWQWRWKWQWRWKWQWRWKWQWRWKWQWRWKWQWRWKWQWRWKWQWRWKWQWRWKWQ,PPPPPPPPPPWRWKWQWRWKWQWRWKWQWRWKWQWRWKWQWRWKWQWRWKWQWRWKWQWRWKWQWRWKWQWRWKWQWRWKWQWRWKWQWRWKWQWRWKWQWRWKWQWRWKWQWRWKWQWRWKWQWRWKWQWRWRWRWRWRDQDQDQDQDQGEGEGEGEGEWMWMWMWMWMWTWTWTWTWT,AMMAA,WRWRWRWRWR,DQDQDQDQDQ,GEGEGEGEGE,WMWMWMWMWM,WTWTWTWTWT
6270-1-3-AMMAA,Medium Practice,3,Mental Health,1,0.9816,0.9557,0.8933,0.0077,23.701833999999998,PPPPPPPPPPWRWKWQWRWKWQWRWKWQWRWKWQWRWKWQWRWKWQWRWKWQWRWKWQWRWKWQWRWKWQWRWKWQWRWKWQWRWKWQWRWKWQWRWKWQWRWKWQWRWKWQWRWKWQWRWKWQWRWKWQ,PPPPPPPPPPWRWKWQWRWKWQWRWKWQWRWKWQWRWKWQWRWKWQWRWKWQWRWKWQWRWKWQWRWKWQWRWKWQWRWKWQWRWKWQWRWKWQWRWKWQWRWKWQWRWKWQWRWKWQWRWKWQWRWKWQWRWRWRWRWRDQDQDQDQDQGEGEGEGEGEWMWMWMWMWMWTWTWTWTWT,AMMAA,WRWRWRWRWR,DQDQDQDQDQ,GEGEGEGEGE,WMWMWMWMWM,WTWTWTWTWT
6415-1-3-ABBAA,Medium Practice,3,Mental Health,1,0.9818,0.3753,0.565,0.0034,17.107546,PPPPPPPPPPWRWKWQWRWKWQWRWKWQWRWKWQWRWKWQWRWKWQWRWKWQWRWKWQWRWKWQWRWKWQWRWKWQWRWKWQWRWKWQWRWKWQWRWKWQWRWKWQWRWKWQWRWKWQWRWKWQWRWKWQ,PPPPPPPPPPWRWKWQWRWKWQWRWKWQWRWKWQWRWKWQWRWKWQWRWKWQWRWKWQWRWKWQWRWKWQWRWKWQWRWKWQWRWKWQWRWKWQWRWKWQWRWKWQWRWKWQWRWKWQWRWKWQWRWKWQWRWRWRWRWRALALALALALAIAIAIAIAIWMWMWMWMWMWTWTWTWTWT,ABBAA,WRWRWRWRWR,ALALALALAL,AIAIAIAIAI,WMWMWMWMWM,WTWTWTWTWT
126-1-3-AMMAA,Medium Practice,3,Mental Health,1,0.9819,0.9256,0.8043,0.0156,32.199014,PPPPPPPPPPWRWKWQWRWKWQWRWKWQWRWKWQWRWKWQWRWKWQWRWKWQWRWKWQWRWKWQWRWKWQWRWKWQWRWKWQWRWKWQWRWKWQWRWKWQWRWKWQWRWKWQWRWKWQWRWKWQWRWKWQ,PPPPPPPPPPWRWKWQWRWKWQWRWKWQWRWKWQWRWKWQWRWKWQWRWKWQWRWKWQWRWKWQWRWKWQWRWKWQWRWKWQWRWKWQWRWKWQWRWKWQWRWKWQWRWKWQWRWKWQWRWKWQWRWKWQWRWRWRWRWRDQDQDQDQDQGEGEGEGEGEWMWMWMWMWMWTWTWTWTWT,AMMAA,WRWRWRWRWR,DQDQDQDQDQ,GEGEGEGEGE,WMWMWMWMWM,WTWTWTWTWT
96-1-3-AMMAA,Medium Practice,3,Mental Health,1,0.9823,0.8320000000000001,0.8675,0.0021,16.761263,PPPPPPPPPPWRWKWQWRWKWQWRWKWQWRWKWQWRWKWQWRWKWQWRWKWQWRWKWQWRWKWQWRWKWQWRWKWQWRWKWQWRWKWQWRWKWQWRWKWQWRWKWQWRWKWQWRWKWQWRWKWQWRWKWQ,PPPPPPPPPPWRWKWQWRWKWQWRWKWQWRWKWQWRWKWQWRWKWQWRWKWQWRWKWQWRWKWQWRWKWQWRWKWQWRWKWQWRWKWQWRWKWQWRWKWQWRWKWQWRWKWQWRWKWQWRWKWQWRWKWQWRWRWRWRWRDQDQDQDQDQGEGEGEGEGEWMWMWMWMWMWTWTWTWTWT,AMMAA,WRWRWRWRWR,DQDQDQDQDQ,GEGEGEGEGE,WMWMWMWMWM,WTWTWTWTWT
1668-1-3-AMMAA,Medium Practice,3,Mental Health,1,0.9826,0.8742,0.8464,0.0162,29.94152875,PPPPPPPPPPWRWKWQWRWKWQWRWKWQWRWKWQWRWKWQWRWKWQWRWKWQWRWKWQWRWKWQWRWKWQWRWKWQWRWKWQWRWKWQWRWKWQWRWKWQWRWKWQWRWKWQWRWKWQWRWKWQWRWKWQ,PPPPPPPPPPWRWKWQWRWKWQWRWKWQWRWKWQWRWKWQWRWKWQWRWKWQWRWKWQWRWKWQWRWKWQWRWKWQWRWKWQWRWKWQWRWKWQWRWKWQWRWKWQWRWKWQWRWKWQWRWKWQWRWKWQWRWRWRWRWRDQDQDQDQDQGEGEGEGEGEWMWMWMWMWMWTWTWTWTWT,AMMAA,WRWRWRWRWR,DQDQDQDQDQ,GEGEGEGEGE,WMWMWMWMWM,WTWTWTWTWT
6065-1-3-AMMAA,Medium Practice,3,Mental Health,1,0.9832,0.9469,0.7707,0.0419,37.058761,PPPPPPPPPPWRWKWQWRWKWQWRWKWQWRWKWQWRWKWQWRWKWQWRWKWQWRWKWQWRWKWQWRWKWQWRWKWQWRWKWQWRWKWQWRWKWQWRWKWQWRWKWQWRWKWQWRWKWQWRWKWQWRWKWQ,PPPPPPPPPPWRWKWQWRWKWQWRWKWQWRWKWQWRWKWQWRWKWQWRWKWQWRWKWQWRWKWQWRWKWQWRWKWQWRWKWQWRWKWQWRWKWQWRWKWQWRWKWQWRWKWQWRWKWQWRWKWQWRWKWQWRWRWRWRWRDQDQDQDQDQGEGEGEGEGEWMWMWMWMWMWTWTWTWTWT,AMMAA,WRWRWRWRWR,DQDQDQDQDQ,GEGEGEGEGE,WMWMWMWMWM,WTWTWTWTWT
3405-1-3-AMMAA,Medium Practice,3,Mental Health,1,0.9833,0.8370000000000001,0.8262,0.0152,26.09962,PPPPPPPPPPWRWKWQWRWKWQWRWKWQWRWKWQWRWKWQWRWKWQWRWKWQWRWKWQWRWKWQWRWKWQWRWKWQWRWKWQWRWKWQWRWKWQWRWKWQWRWKWQWRWKWQWRWKWQWRWKWQWRWKWQ,PPPPPPPPPPWRWKWQWRWKWQWRWKWQWRWKWQWRWKWQWRWKWQWRWKWQWRWKWQWRWKWQWRWKWQWRWKWQWRWKWQWRWKWQWRWKWQWRWKWQWRWKWQWRWKWQWRWKWQWRWKWQWRWKWQWRWRWRWRWRDQDQDQDQDQGEGEGEGEGEWMWMWMWMWMWTWTWTWTWT,AMMAA,WRWRWRWRWR,DQDQDQDQDQ,GEGEGEGEGE,WMWMWMWMWM,WTWTWTWTWT
3898-1-3-AAMAA,Medium Practice,3,Mental Health,1,0.9843,1.0053,0.8178,0.0136,28.32997,PPPPPPPPPPWRWKWQWRWKWQWRWKWQWRWKWQWRWKWQWRWKWQWRWKWQWRWKWQWRWKWQWRWKWQWRWKWQWRWKWQWRWKWQWRWKWQWRWKWQWRWKWQWRWKWQWRWKWQWRWKWQWRWKWQ,PPPPPPPPPPWRWKWQWRWKWQWRWKWQWRWKWQWRWKWQWRWKWQWRWKWQWRWKWQWRWKWQWRWKWQWRWKWQWRWKWQWRWKWQWRWKWQWRWKWQWRWKWQWRWKWQWRWKWQWRWKWQWRWKWQWRWRWRWRWRWQWQWQWQWQGEGEGEGEGEWMWMWMWMWMWTWTWTWTWT,AAMAA,WRWRWRWRWR,WQWQWQWQWQ,GEGEGEGEGE,WMWMWMWMWM,WTWTWTWTWT
7397-1-3-AABAA,Medium Practice,3,Mental Health,1,0.9862,0.961,0.6052,0.0,36.552063000000004,PPPPPPPPPPWRWKWQWRWKWQWRWKWQWRWKWQWRWKWQWRWKWQWRWKWQWRWKWQWRWKWQWRWKWQWRWKWQWRWKWQWRWKWQWRWKWQWRWKWQWRWKWQWRWKWQWRWKWQWRWKWQWRWKWQ,PPPPPPPPPPWRWKWQWRWKWQWRWKWQWRWKWQWRWKWQWRWKWQWRWKWQWRWKWQWRWKWQWRWKWQWRWKWQWRWKWQWRWKWQWRWKWQWRWKWQWRWKWQWRWKWQWRWKWQWRWKWQWRWKWQWRWRWRWRWRWQWQWQWQWQAIAIAIAIAIWMWMWMWMWMWTWTWTWTWT,AABAA,WRWRWRWRWR,WQWQWQWQWQ,AIAIAIAIAI,WMWMWMWMWM,WTWTWTWTWT
291-1-3-ABBAA,Medium Practice,3,Mental Health,1,0.9868,0.7081,0.6563,0.0561,33.39512975,PPPPPPPPPPWRWKWQWRWKWQWRWKWQWRWKWQWRWKWQWRWKWQWRWKWQWRWKWQWRWKWQWRWKWQWRWKWQWRWKWQWRWKWQWRWKWQWRWKWQWRWKWQWRWKWQWRWKWQWRWKWQWRWKWQ,PPPPPPPPPPWRWKWQWRWKWQWRWKWQWRWKWQWRWKWQWRWKWQWRWKWQWRWKWQWRWKWQWRWKWQWRWKWQWRWKWQWRWKWQWRWKWQWRWKWQWRWKWQWRWKWQWRWKWQWRWKWQWRWKWQWRWRWRWRWRALALALALALAIAIAIAIAIWMWMWMWMWMWTWTWTWTWT,ABBAA,WRWRWRWRWR,ALALALALAL,AIAIAIAIAI,WMWMWMWMWM,WTWTWTWTWT
2394-1-3-AMMAA,Medium Practice,3,Mental Health,1,0.9871,0.8904,0.8478,0.003,24.800481,PPPPPPPPPPWRWKWQWRWKWQWRWKWQWRWKWQWRWKWQWRWKWQWRWKWQWRWKWQWRWKWQWRWKWQWRWKWQWRWKWQWRWKWQWRWKWQWRWKWQWRWKWQWRWKWQWRWKWQWRWKWQWRWKWQ,PPPPPPPPPPWRWKWQWRWKWQWRWKWQWRWKWQWRWKWQWRWKWQWRWKWQWRWKWQWRWKWQWRWKWQWRWKWQWRWKWQWRWKWQWRWKWQWRWKWQWRWKWQWRWKWQWRWKWQWRWKWQWRWKWQWRWRWRWRWRDQDQDQDQDQGEGEGEGEGEWMWMWMWMWMWTWTWTWTWT,AMMAA,WRWRWRWRWR,DQDQDQDQDQ,GEGEGEGEGE,WMWMWMWMWM,WTWTWTWTWT
40-1-3-AAMAA,Medium Practice,3,Mental Health,1,0.9872,0.9942,0.8504,0.0168,31.803456,PPPPPPPPPPWRWKWQWRWKWQWRWKWQWRWKWQWRWKWQWRWKWQWRWKWQWRWKWQWRWKWQWRWKWQWRWKWQWRWKWQWRWKWQWRWKWQWRWKWQWRWKWQWRWKWQWRWKWQWRWKWQWRWKWQ,PPPPPPPPPPWRWKWQWRWKWQWRWKWQWRWKWQWRWKWQWRWKWQWRWKWQWRWKWQWRWKWQWRWKWQWRWKWQWRWKWQWRWKWQWRWKWQWRWKWQWRWKWQWRWKWQWRWKWQWRWKWQWRWKWQWRWRWRWRWRWQWQWQWQWQGEGEGEGEGEWMWMWMWMWMWTWTWTWTWT,AAMAA,WRWRWRWRWR,WQWQWQWQWQ,GEGEGEGEGE,WMWMWMWMWM,WTWTWTWTWT
4847-1-3-AMMAA,Medium Practice,3,Mental Health,1,0.9879,0.7659999999999999,0.7052,0.0336,27.599548,PPPPPPPPPPWRWKWQWRWKWQWRWKWQWRWKWQWRWKWQWRWKWQWRWKWQWRWKWQWRWKWQWRWKWQWRWKWQWRWKWQWRWKWQWRWKWQWRWKWQWRWKWQWRWKWQWRWKWQWRWKWQWRWKWQ,PPPPPPPPPPWRWKWQWRWKWQWRWKWQWRWKWQWRWKWQWRWKWQWRWKWQWRWKWQWRWKWQWRWKWQWRWKWQWRWKWQWRWKWQWRWKWQWRWKWQWRWKWQWRWKWQWRWKWQWRWKWQWRWKWQWRWRWRWRWRDQDQDQDQDQGEGEGEGEGEWMWMWMWMWMWTWTWTWTWT,AMMAA,WRWRWRWRWR,DQDQDQDQDQ,GEGEGEGEGE,WMWMWMWMWM,WTWTWTWTWT
6339-1-3-AAAAA,Medium Practice,3,Mental Health,1,0.9882,0.9952,0.9766,0.0018,11.059741,PPPPPPPPPPWRWKWQWRWKWQWRWKWQWRWKWQWRWKWQWRWKWQWRWKWQWRWKWQWRWKWQWRWKWQWRWKWQWRWKWQWRWKWQWRWKWQWRWKWQWRWKWQWRWKWQWRWKWQWRWKWQWRWKWQ,PPPPPPPPPPWRWKWQWRWKWQWRWKWQWRWKWQWRWKWQWRWKWQWRWKWQWRWKWQWRWKWQWRWKWQWRWKWQWRWKWQWRWKWQWRWKWQWRWKWQWRWKWQWRWKWQWRWKWQWRWKWQWRWKWQWRWRWRWRWRWQWQWQWQWQWKWKWKWKWKWMWMWMWMWMWTWTWTWTWT,AAAAA,WRWRWRWRWR,WQWQWQWQWQ,WKWKWKWKWK,WMWMWMWMWM,WTWTWTWTWT
6801-1-3-ABBAB,Medium Practice,3,Mental Health,1,0.9887,0.4267,0.4363,0.0148,286.48384500000003,PPPPPPPPPPWRWKWQWRWKWQWRWKWQWRWKWQWRWKWQWRWKWQWRWKWQWRWKWQWRWKWQWRWKWQWRWKWQWRWKWQWRWKWQWRWKWQWRWKWQWRWKWQWRWKWQWRWKWQWRWKWQWRWKWQ,PPPPPPPPPPWRWKWQWRWKWQWRWKWQWRWKWQWRWKWQWRWKWQWRWKWQWRWKWQWRWKWQWRWKWQWRWKWQWRWKWQWRWKWQWRWKWQWRWKWQWRWKWQWRWKWQWRWKWQWRWKWQWRWKWQWRWRWRWRWRALALALALALAIAIAIAIAIWMWMWMWMWMAVAVAVAVAV,ABBAB,WRWRWRWRWR,ALALALALAL,AIAIAIAIAI,WMWMWMWMWM,AVAVAVAVAV
7765-1-3-ABBAA,Medium Practice,3,Mental Health,1,0.9894,0.6494,0.6663,0.0078,21.155834,PPPPPPPPPPWRWKWQWRWKWQWRWKWQWRWKWQWRWKWQWRWKWQWRWKWQWRWKWQWRWKWQWRWKWQWRWKWQWRWKWQWRWKWQWRWKWQWRWKWQWRWKWQWRWKWQWRWKWQWRWKWQWRWKWQ,PPPPPPPPPPWRWKWQWRWKWQWRWKWQWRWKWQWRWKWQWRWKWQWRWKWQWRWKWQWRWKWQWRWKWQWRWKWQWRWKWQWRWKWQWRWKWQWRWKWQWRWKWQWRWKWQWRWKWQWRWKWQWRWKWQWRWRWRWRWRALALALALALAIAIAIAIAIWMWMWMWMWMWTWTWTWTWT,ABBAA,WRWRWRWRWR,ALALALALAL,AIAIAIAIAI,WMWMWMWMWM,WTWTWTWTWT
6984-1-3-AMMAA,Medium Practice,3,Mental Health,1,0.9901,0.9284,0.8124,0.0061,25.702742,PPPPPPPPPPWRWKWQWRWKWQWRWKWQWRWKWQWRWKWQWRWKWQWRWKWQWRWKWQWRWKWQWRWKWQWRWKWQWRWKWQWRWKWQWRWKWQWRWKWQWRWKWQWRWKWQWRWKWQWRWKWQWRWKWQ,PPPPPPPPPPWRWKWQWRWKWQWRWKWQWRWKWQWRWKWQWRWKWQWRWKWQWRWKWQWRWKWQWRWKWQWRWKWQWRWKWQWRWKWQWRWKWQWRWKWQWRWKWQWRWKWQWRWKWQWRWKWQWRWKWQWRWRWRWRWRDQDQDQDQDQGEGEGEGEGEWMWMWMWMWMWTWTWTWTWT,AMMAA,WRWRWRWRWR,DQDQDQDQDQ,GEGEGEGEGE,WMWMWMWMWM,WTWTWTWTWT
4174-1-3-AMMAA,Medium Practice,3,Mental Health,1,0.9902,0.8703,0.7878,0.0096,29.019694,PPPPPPPPPPWRWKWQWRWKWQWRWKWQWRWKWQWRWKWQWRWKWQWRWKWQWRWKWQWRWKWQWRWKWQWRWKWQWRWKWQWRWKWQWRWKWQWRWKWQWRWKWQWRWKWQWRWKWQWRWKWQWRWKWQ,PPPPPPPPPPWRWKWQWRWKWQWRWKWQWRWKWQWRWKWQWRWKWQWRWKWQWRWKWQWRWKWQWRWKWQWRWKWQWRWKWQWRWKWQWRWKWQWRWKWQWRWKWQWRWKWQWRWKWQWRWKWQWRWKWQWRWRWRWRWRDQDQDQDQDQGEGEGEGEGEWMWMWMWMWMWTWTWTWTWT,AMMAA,WRWRWRWRWR,DQDQDQDQDQ,GEGEGEGEGE,WMWMWMWMWM,WTWTWTWTWT
7306-1-3-AAAAA,Medium Practice,3,Mental Health,1,0.9903,1.0,1.0,0.0,15.153248999999999,PPPPPPPPPPWRWKWQWRWKWQWRWKWQWRWKWQWRWKWQWRWKWQWRWKWQWRWKWQWRWKWQWRWKWQWRWKWQWRWKWQWRWKWQWRWKWQWRWKWQWRWKWQWRWKWQWRWKWQWRWKWQWRWKWQ,PPPPPPPPPPWRWKWQWRWKWQWRWKWQWRWKWQWRWKWQWRWKWQWRWKWQWRWKWQWRWKWQWRWKWQWRWKWQWRWKWQWRWKWQWRWKWQWRWKWQWRWKWQWRWKWQWRWKWQWRWKWQWRWKWQWRWRWRWRWRWQWQWQWQWQWKWKWKWKWKWMWMWMWMWMWTWTWTWTWT,AAAAA,WRWRWRWRWR,WQWQWQWQWQ,WKWKWKWKWK,WMWMWMWMWM,WTWTWTWTWT
1595-1-3-AAMAA,Medium Practice,3,Mental Health,1,0.9907,1.1859,0.7767,0.0244,31.46988,PPPPPPPPPPWRWKWQWRWKWQWRWKWQWRWKWQWRWKWQWRWKWQWRWKWQWRWKWQWRWKWQWRWKWQWRWKWQWRWKWQWRWKWQWRWKWQWRWKWQWRWKWQWRWKWQWRWKWQWRWKWQWRWKWQ,PPPPPPPPPPWRWKWQWRWKWQWRWKWQWRWKWQWRWKWQWRWKWQWRWKWQWRWKWQWRWKWQWRWKWQWRWKWQWRWKWQWRWKWQWRWKWQWRWKWQWRWKWQWRWKWQWRWKWQWRWKWQWRWKWQWRWRWRWRWRWQWQWQWQWQGEGEGEGEGEWMWMWMWMWMWTWTWTWTWT,AAMAA,WRWRWRWRWR,WQWQWQWQWQ,GEGEGEGEGE,WMWMWMWMWM,WTWTWTWTWT
1532-1-3-AAAAA,Medium Practice,3,Mental Health,1,0.9908,0.9716,0.9184,0.0058,24.221460999999998,PPPPPPPPPPWRWKWQWRWKWQWRWKWQWRWKWQWRWKWQWRWKWQWRWKWQWRWKWQWRWKWQWRWKWQWRWKWQWRWKWQWRWKWQWRWKWQWRWKWQWRWKWQWRWKWQWRWKWQWRWKWQWRWKWQ,PPPPPPPPPPWRWKWQWRWKWQWRWKWQWRWKWQWRWKWQWRWKWQWRWKWQWRWKWQWRWKWQWRWKWQWRWKWQWRWKWQWRWKWQWRWKWQWRWKWQWRWKWQWRWKWQWRWKWQWRWKWQWRWKWQWRWRWRWRWRWQWQWQWQWQWKWKWKWKWKWMWMWMWMWMWTWTWTWTWT,AAAAA,WRWRWRWRWR,WQWQWQWQWQ,WKWKWKWKWK,WMWMWMWMWM,WTWTWTWTWT
4629-1-3-ABBAA,Medium Practice,3,Mental Health,1,0.9912,0.5879,0.5989,0.0299,39.547849,PPPPPPPPPPWRWKWQWRWKWQWRWKWQWRWKWQWRWKWQWRWKWQWRWKWQWRWKWQWRWKWQWRWKWQWRWKWQWRWKWQWRWKWQWRWKWQWRWKWQWRWKWQWRWKWQWRWKWQWRWKWQWRWKWQ,PPPPPPPPPPWRWKWQWRWKWQWRWKWQWRWKWQWRWKWQWRWKWQWRWKWQWRWKWQWRWKWQWRWKWQWRWKWQWRWKWQWRWKWQWRWKWQWRWKWQWRWKWQWRWKWQWRWKWQWRWKWQWRWKWQWRWRWRWRWRALALALALALAIAIAIAIAIWMWMWMWMWMWTWTWTWTWT,ABBAA,WRWRWRWRWR,ALALALALAL,AIAIAIAIAI,WMWMWMWMWM,WTWTWTWTWT
4976-1-3-AAMAA,Medium Practice,3,Mental Health,1,0.9913,0.972,0.8597,0.0274,26.086033,PPPPPPPPPPWRWKWQWRWKWQWRWKWQWRWKWQWRWKWQWRWKWQWRWKWQWRWKWQWRWKWQWRWKWQWRWKWQWRWKWQWRWKWQWRWKWQWRWKWQWRWKWQWRWKWQWRWKWQWRWKWQWRWKWQ,PPPPPPPPPPWRWKWQWRWKWQWRWKWQWRWKWQWRWKWQWRWKWQWRWKWQWRWKWQWRWKWQWRWKWQWRWKWQWRWKWQWRWKWQWRWKWQWRWKWQWRWKWQWRWKWQWRWKWQWRWKWQWRWKWQWRWRWRWRWRWQWQWQWQWQGEGEGEGEGEWMWMWMWMWMWTWTWTWTWT,AAMAA,WRWRWRWRWR,WQWQWQWQWQ,GEGEGEGEGE,WMWMWMWMWM,WTWTWTWTWT
3450-1-3-AMMAA,Medium Practice,3,Mental Health,1,0.9917,0.9345,0.8585,0.0112,24.004232000000002,PPPPPPPPPPWRWKWQWRWKWQWRWKWQWRWKWQWRWKWQWRWKWQWRWKWQWRWKWQWRWKWQWRWKWQWRWKWQWRWKWQWRWKWQWRWKWQWRWKWQWRWKWQWRWKWQWRWKWQWRWKWQWRWKWQ,PPPPPPPPPPWRWKWQWRWKWQWRWKWQWRWKWQWRWKWQWRWKWQWRWKWQWRWKWQWRWKWQWRWKWQWRWKWQWRWKWQWRWKWQWRWKWQWRWKWQWRWKWQWRWKWQWRWKWQWRWKWQWRWKWQWRWRWRWRWRDQDQDQDQDQGEGEGEGEGEWMWMWMWMWMWTWTWTWTWT,AMMAA,WRWRWRWRWR,DQDQDQDQDQ,GEGEGEGEGE,WMWMWMWMWM,WTWTWTWTWT
5471-1-3-ABBAA,Medium Practice,3,Mental Health,1,0.9924,0.6026,0.5694,0.01,26.590388,PPPPPPPPPPWRWKWQWRWKWQWRWKWQWRWKWQWRWKWQWRWKWQWRWKWQWRWKWQWRWKWQWRWKWQWRWKWQWRWKWQWRWKWQWRWKWQWRWKWQWRWKWQWRWKWQWRWKWQWRWKWQWRWKWQ,PPPPPPPPPPWRWKWQWRWKWQWRWKWQWRWKWQWRWKWQWRWKWQWRWKWQWRWKWQWRWKWQWRWKWQWRWKWQWRWKWQWRWKWQWRWKWQWRWKWQWRWKWQWRWKWQWRWKWQWRWKWQWRWKWQWRWRWRWRWRALALALALALAIAIAIAIAIWMWMWMWMWMWTWTWTWTWT,ABBAA,WRWRWRWRWR,ALALALALAL,AIAIAIAIAI,WMWMWMWMWM,WTWTWTWTWT
5567-1-3-ABMAA,Medium Practice,3,Mental Health,1,0.9924,0.6825,0.8,0.0073,23.856439,PPPPPPPPPPWRWKWQWRWKWQWRWKWQWRWKWQWRWKWQWRWKWQWRWKWQWRWKWQWRWKWQWRWKWQWRWKWQWRWKWQWRWKWQWRWKWQWRWKWQWRWKWQWRWKWQWRWKWQWRWKWQWRWKWQ,PPPPPPPPPPWRWKWQWRWKWQWRWKWQWRWKWQWRWKWQWRWKWQWRWKWQWRWKWQWRWKWQWRWKWQWRWKWQWRWKWQWRWKWQWRWKWQWRWKWQWRWKWQWRWKWQWRWKWQWRWKWQWRWKWQWRWRWRWRWRALALALALALGEGEGEGEGEWMWMWMWMWMWTWTWTWTWT,ABMAA,WRWRWRWRWR,ALALALALAL,GEGEGEGEGE,WMWMWMWMWM,WTWTWTWTWT
6253-1-3-AMMAA,Medium Practice,3,Mental Health,1,0.9925,0.9157,0.8634,0.0092,25.476461999999998,PPPPPPPPPPWRWKWQWRWKWQWRWKWQWRWKWQWRWKWQWRWKWQWRWKWQWRWKWQWRWKWQWRWKWQWRWKWQWRWKWQWRWKWQWRWKWQWRWKWQWRWKWQWRWKWQWRWKWQWRWKWQWRWKWQ,PPPPPPPPPPWRWKWQWRWKWQWRWKWQWRWKWQWRWKWQWRWKWQWRWKWQWRWKWQWRWKWQWRWKWQWRWKWQWRWKWQWRWKWQWRWKWQWRWKWQWRWKWQWRWKWQWRWKWQWRWKWQWRWKWQWRWRWRWRWRDQDQDQDQDQGEGEGEGEGEWMWMWMWMWMWTWTWTWTWT,AMMAA,WRWRWRWRWR,DQDQDQDQDQ,GEGEGEGEGE,WMWMWMWMWM,WTWTWTWTWT
4229-1-3-AMMAA,Medium Practice,3,Mental Health,1,0.9926,0.8711,0.7601,0.0016,22.002976,PPPPPPPPPPWRWKWQWRWKWQWRWKWQWRWKWQWRWKWQWRWKWQWRWKWQWRWKWQWRWKWQWRWKWQWRWKWQWRWKWQWRWKWQWRWKWQWRWKWQWRWKWQWRWKWQWRWKWQWRWKWQWRWKWQ,PPPPPPPPPPWRWKWQWRWKWQWRWKWQWRWKWQWRWKWQWRWKWQWRWKWQWRWKWQWRWKWQWRWKWQWRWKWQWRWKWQWRWKWQWRWKWQWRWKWQWRWKWQWRWKWQWRWKWQWRWKWQWRWKWQWRWRWRWRWRDQDQDQDQDQGEGEGEGEGEWMWMWMWMWMWTWTWTWTWT,AMMAA,WRWRWRWRWR,DQDQDQDQDQ,GEGEGEGEGE,WMWMWMWMWM,WTWTWTWTWT
6846-1-3-AAAAA,Medium Practice,3,Mental Health,1,0.9933,0.9945,0.9440000000000001,0.0144,17.411715,PPPPPPPPPPWRWKWQWRWKWQWRWKWQWRWKWQWRWKWQWRWKWQWRWKWQWRWKWQWRWKWQWRWKWQWRWKWQWRWKWQWRWKWQWRWKWQWRWKWQWRWKWQWRWKWQWRWKWQWRWKWQWRWKWQ,PPPPPPPPPPWRWKWQWRWKWQWRWKWQWRWKWQWRWKWQWRWKWQWRWKWQWRWKWQWRWKWQWRWKWQWRWKWQWRWKWQWRWKWQWRWKWQWRWKWQWRWKWQWRWKWQWRWKWQWRWKWQWRWKWQWRWRWRWRWRWQWQWQWQWQWKWKWKWKWKWMWMWMWMWMWTWTWTWTWT,AAAAA,WRWRWRWRWR,WQWQWQWQWQ,WKWKWKWKWK,WMWMWMWMWM,WTWTWTWTWT
7527-1-3-ABBAA,Medium Practice,3,Mental Health,1,0.9936,0.5376,0.6477,0.0064,11.782784,PPPPPPPPPPWRWKWQWRWKWQWRWKWQWRWKWQWRWKWQWRWKWQWRWKWQWRWKWQWRWKWQWRWKWQWRWKWQWRWKWQWRWKWQWRWKWQWRWKWQWRWKWQWRWKWQWRWKWQWRWKWQWRWKWQ,PPPPPPPPPPWRWKWQWRWKWQWRWKWQWRWKWQWRWKWQWRWKWQWRWKWQWRWKWQWRWKWQWRWKWQWRWKWQWRWKWQWRWKWQWRWKWQWRWKWQWRWKWQWRWKWQWRWKWQWRWKWQWRWKWQWRWRWRWRWRALALALALALAIAIAIAIAIWMWMWMWMWMWTWTWTWTWT,ABBAA,WRWRWRWRWR,ALALALALAL,AIAIAIAIAI,WMWMWMWMWM,WTWTWTWTWT
1897-1-3-AMBAB,Medium Practice,3,Mental Health,1,0.9957,0.9488,0.3818,0.0089,56.371412,PPPPPPPPPPWRWKWQWRWKWQWRWKWQWRWKWQWRWKWQWRWKWQWRWKWQWRWKWQWRWKWQWRWKWQWRWKWQWRWKWQWRWKWQWRWKWQWRWKWQWRWKWQWRWKWQWRWKWQWRWKWQWRWKWQ,PPPPPPPPPPWRWKWQWRWKWQWRWKWQWRWKWQWRWKWQWRWKWQWRWKWQWRWKWQWRWKWQWRWKWQWRWKWQWRWKWQWRWKWQWRWKWQWRWKWQWRWKWQWRWKWQWRWKWQWRWKWQWRWKWQWRWRWRWRWRDQDQDQDQDQAIAIAIAIAIWMWMWMWMWMAVAVAVAVAV,AMBAB,WRWRWRWRWR,DQDQDQDQDQ,AIAIAIAIAI,WMWMWMWMWM,AVAVAVAVAV
5086-1-3-AAAAA,Medium Practice,3,Mental Health,1,0.9961,1.0039,0.9785,0.0,15.015685999999999,PPPPPPPPPPWRWKWQWRWKWQWRWKWQWRWKWQWRWKWQWRWKWQWRWKWQWRWKWQWRWKWQWRWKWQWRWKWQWRWKWQWRWKWQWRWKWQWRWKWQWRWKWQWRWKWQWRWKWQWRWKWQWRWKWQ,PPPPPPPPPPWRWKWQWRWKWQWRWKWQWRWKWQWRWKWQWRWKWQWRWKWQWRWKWQWRWKWQWRWKWQWRWKWQWRWKWQWRWKWQWRWKWQWRWKWQWRWKWQWRWKWQWRWKWQWRWKWQWRWKWQWRWRWRWRWRWQWQWQWQWQWKWKWKWKWKWMWMWMWMWMWTWTWTWTWT,AAAAA,WRWRWRWRWR,WQWQWQWQWQ,WKWKWKWKWK,WMWMWMWMWM,WTWTWTWTWT
5488-1-3-ABBAA,Medium Practice,3,Mental Health,1,0.9961,0.6589,0.6368,0.0163,36.676921,PPPPPPPPPPWRWKWQWRWKWQWRWKWQWRWKWQWRWKWQWRWKWQWRWKWQWRWKWQWRWKWQWRWKWQWRWKWQWRWKWQWRWKWQWRWKWQWRWKWQWRWKWQWRWKWQWRWKWQWRWKWQWRWKWQ,PPPPPPPPPPWRWKWQWRWKWQWRWKWQWRWKWQWRWKWQWRWKWQWRWKWQWRWKWQWRWKWQWRWKWQWRWKWQWRWKWQWRWKWQWRWKWQWRWKWQWRWKWQWRWKWQWRWKWQWRWKWQWRWKWQWRWRWRWRWRALALALALALAIAIAIAIAIWMWMWMWMWMWTWTWTWTWT,ABBAA,WRWRWRWRWR,ALALALALAL,AIAIAIAIAI,WMWMWMWMWM,WTWTWTWTWT
2001-1-3-AMMAA,Medium Practice,3,Mental Health,1,0.9962,0.8547,0.8288,0.0071,15.1360785,PPPPPPPPPPWRWKWQWRWKWQWRWKWQWRWKWQWRWKWQWRWKWQWRWKWQWRWKWQWRWKWQWRWKWQWRWKWQWRWKWQWRWKWQWRWKWQWRWKWQWRWKWQWRWKWQWRWKWQWRWKWQWRWKWQ,PPPPPPPPPPWRWKWQWRWKWQWRWKWQWRWKWQWRWKWQWRWKWQWRWKWQWRWKWQWRWKWQWRWKWQWRWKWQWRWKWQWRWKWQWRWKWQWRWKWQWRWKWQWRWKWQWRWKWQWRWKWQWRWKWQWRWRWRWRWRDQDQDQDQDQGEGEGEGEGEWMWMWMWMWMWTWTWTWTWT,AMMAA,WRWRWRWRWR,DQDQDQDQDQ,GEGEGEGEGE,WMWMWMWMWM,WTWTWTWTWT
2327-1-3-AAMAA,Medium Practice,3,Mental Health,1,0.9971,0.9622,0.8727,0.0043,21.56096,PPPPPPPPPPWRWKWQWRWKWQWRWKWQWRWKWQWRWKWQWRWKWQWRWKWQWRWKWQWRWKWQWRWKWQWRWKWQWRWKWQWRWKWQWRWKWQWRWKWQWRWKWQWRWKWQWRWKWQWRWKWQWRWKWQ,PPPPPPPPPPWRWKWQWRWKWQWRWKWQWRWKWQWRWKWQWRWKWQWRWKWQWRWKWQWRWKWQWRWKWQWRWKWQWRWKWQWRWKWQWRWKWQWRWKWQWRWKWQWRWKWQWRWKWQWRWKWQWRWKWQWRWRWRWRWRWQWQWQWQWQGEGEGEGEGEWMWMWMWMWMWTWTWTWTWT,AAMAA,WRWRWRWRWR,WQWQWQWQWQ,GEGEGEGEGE,WMWMWMWMWM,WTWTWTWTWT
1203-1-3-AAMAA,Medium Practice,3,Mental Health,1,0.9975,0.9990000000000001,0.8979,0.0255,23.504054999999997,PPPPPPPPPPWRWKWQWRWKWQWRWKWQWRWKWQWRWKWQWRWKWQWRWKWQWRWKWQWRWKWQWRWKWQWRWKWQWRWKWQWRWKWQWRWKWQWRWKWQWRWKWQWRWKWQWRWKWQWRWKWQWRWKWQ,PPPPPPPPPPWRWKWQWRWKWQWRWKWQWRWKWQWRWKWQWRWKWQWRWKWQWRWKWQWRWKWQWRWKWQWRWKWQWRWKWQWRWKWQWRWKWQWRWKWQWRWKWQWRWKWQWRWKWQWRWKWQWRWKWQWRWRWRWRWRWQWQWQWQWQGEGEGEGEGEWMWMWMWMWMWTWTWTWTWT,AAMAA,WRWRWRWRWR,WQWQWQWQWQ,GEGEGEGEGE,WMWMWMWMWM,WTWTWTWTWT
2045-1-3-AABAA,Medium Practice,3,Mental Health,1,0.9977,1.0033,0.6678,0.0609,36.583911,PPPPPPPPPPWRWKWQWRWKWQWRWKWQWRWKWQWRWKWQWRWKWQWRWKWQWRWKWQWRWKWQWRWKWQWRWKWQWRWKWQWRWKWQWRWKWQWRWKWQWRWKWQWRWKWQWRWKWQWRWKWQWRWKWQ,PPPPPPPPPPWRWKWQWRWKWQWRWKWQWRWKWQWRWKWQWRWKWQWRWKWQWRWKWQWRWKWQWRWKWQWRWKWQWRWKWQWRWKWQWRWKWQWRWKWQWRWKWQWRWKWQWRWKWQWRWKWQWRWKWQWRWRWRWRWRWQWQWQWQWQAIAIAIAIAIWMWMWMWMWMWTWTWTWTWT,AABAA,WRWRWRWRWR,WQWQWQWQWQ,AIAIAIAIAI,WMWMWMWMWM,WTWTWTWTWT
2257-1-3-AMBAB,Medium Practice,3,Mental Health,1,1.0,0.8617,0.0918,0.0,65.090909,PPPPPPPPPPWRWKWQWRWKWQWRWKWQWRWKWQWRWKWQWRWKWQWRWKWQWRWKWQWRWKWQWRWKWQWRWKWQWRWKWQWRWKWQWRWKWQWRWKWQWRWKWQWRWKWQWRWKWQWRWKWQWRWKWQ,PPPPPPPPPPWRWKWQWRWKWQWRWKWQWRWKWQWRWKWQWRWKWQWRWKWQWRWKWQWRWKWQWRWKWQWRWKWQWRWKWQWRWKWQWRWKWQWRWKWQWRWKWQWRWKWQWRWKWQWRWKWQWRWKWQWRWRWRWRWRDQDQDQDQDQAIAIAIAIAIWMWMWMWMWMAVAVAVAVAV,AMBAB,WRWRWRWRWR,DQDQDQDQDQ,AIAIAIAIAI,WMWMWMWMWM,AVAVAVAVAV
312-1-3-AMAAA,Medium Practice,3,Mental Health,1,1.0,0.7698,1.4914,0.0514,36.875912,PPPPPPPPPPWRWKWQWRWKWQWRWKWQWRWKWQWRWKWQWRWKWQWRWKWQWRWKWQWRWKWQWRWKWQWRWKWQWRWKWQWRWKWQWRWKWQWRWKWQWRWKWQWRWKWQWRWKWQWRWKWQWRWKWQ,PPPPPPPPPPWRWKWQWRWKWQWRWKWQWRWKWQWRWKWQWRWKWQWRWKWQWRWKWQWRWKWQWRWKWQWRWKWQWRWKWQWRWKWQWRWKWQWRWKWQWRWKWQWRWKWQWRWKWQWRWKWQWRWKWQWRWRWRWRWRDQDQDQDQDQWKWKWKWKWKWMWMWMWMWMWTWTWTWTWT,AMAAA,WRWRWRWRWR,DQDQDQDQDQ,WKWKWKWKWK,WMWMWMWMWM,WTWTWTWTWT
4695-1-3-ABBAB,Medium Practice,3,Mental Health,1,1.0,0.0,0.2958,0.0,53.406780000000005,PPPPPPPPPPWRWKWQWRWKWQWRWKWQWRWKWQWRWKWQWRWKWQWRWKWQWRWKWQWRWKWQWRWKWQWRWKWQWRWKWQWRWKWQWRWKWQWRWKWQWRWKWQWRWKWQWRWKWQWRWKWQWRWKWQ,PPPPPPPPPPWRWKWQWRWKWQWRWKWQWRWKWQWRWKWQWRWKWQWRWKWQWRWKWQWRWKWQWRWKWQWRWKWQWRWKWQWRWKWQWRWKWQWRWKWQWRWKWQWRWKWQWRWKWQWRWKWQWRWKWQWRWRWRWRWRALALALALALAIAIAIAIAIWMWMWMWMWMAVAVAVAVAV,ABBAB,WRWRWRWRWR,ALALALALAL,AIAIAIAIAI,WMWMWMWMWM,AVAVAVAVAV
5043-1-3-ABBAB,Medium Practice,3,Mental Health,1,1.0,0.2586,0.0,0.0,82.5,PPPPPPPPPPWRWKWQWRWKWQWRWKWQWRWKWQWRWKWQWRWKWQWRWKWQWRWKWQWRWKWQWRWKWQWRWKWQWRWKWQWRWKWQWRWKWQWRWKWQWRWKWQWRWKWQWRWKWQWRWKWQWRWKWQ,PPPPPPPPPPWRWKWQWRWKWQWRWKWQWRWKWQWRWKWQWRWKWQWRWKWQWRWKWQWRWKWQWRWKWQWRWKWQWRWKWQWRWKWQWRWKWQWRWKWQWRWKWQWRWKWQWRWKWQWRWKWQWRWKWQWRWRWRWRWRALALALALALAIAIAIAIAIWMWMWMWMWMAVAVAVAVAV,ABBAB,WRWRWRWRWR,ALALALALAL,AIAIAIAIAI,WMWMWMWMWM,AVAVAVAVAV
6531-1-3-AAAAA,Medium Practice,3,Mental Health,1,1.0,0.9973,0.9962,0.0,23.560837,PPPPPPPPPPWRWKWQWRWKWQWRWKWQWRWKWQWRWKWQWRWKWQWRWKWQWRWKWQWRWKWQWRWKWQWRWKWQWRWKWQWRWKWQWRWKWQWRWKWQWRWKWQWRWKWQWRWKWQWRWKWQWRWKWQ,PPPPPPPPPPWRWKWQWRWKWQWRWKWQWRWKWQWRWKWQWRWKWQWRWKWQWRWKWQWRWKWQWRWKWQWRWKWQWRWKWQWRWKWQWRWKWQWRWKWQWRWKWQWRWKWQWRWKWQWRWKWQWRWKWQWRWRWRWRWRWQWQWQWQWQWKWKWKWKWKWMWMWMWMWMWTWTWTWTWT,AAAAA,WRWRWRWRWR,WQWQWQWQWQ,WKWKWKWKWK,WMWMWMWMWM,WTWTWTWTWT
